"date","ET0","RAD","TMX","TMA","TMN","HMX","HMN","PRE","WIN"
2000-01-01,1.75,13.24,15.39,7.96,3.99,60.55,21.51,0.89,0.82
2000-01-08,1.63,13.37,11.53,2.46,-2.02,81.39,28.15,0.66,0.55
2000-01-15,1.7,13.12,11.46,6.42,0.78,57.88,26.01,0.66,1.93
2000-01-22,1.56,14.06,8.91,2.01,-3.14,72.56,24.09,1.5,0.93
2000-01-29,1.84,13.17,14.68,8.62,3.15,85.37,30.49,2.49,1.2
2000-02-05,1.83,12.67,14.47,8.73,3.88,79.98,29.09,1.2,1
2000-02-12,1.6,11.05,9.44,4.91,0.93,83.52,36.9,2.95,1.12
2000-02-19,1.63,15.96,9.74,3.12,-2.07,74.76,27.09,1.28,1.13
2000-02-26,1.6,11.08,10.16,4.89,0.77,89.41,45.98,2.67,0.94
2000-03-04,1.89,15.59,13.54,8.02,2.63,66,23.57,0.31,1.63
2000-03-11,1.8,11.93,11.43,6.25,0.76,90.99,33.08,1.19,1.43
2000-03-18,1.83,13.6,12.54,5.97,1.15,79.58,31.62,0.8,1.07
2000-03-25,1.25,6.04,6.27,2.71,-0.16,97.85,65.67,5.02,1.02
2000-04-01,1.53,11.91,9.23,3.71,-0.24,90.7,47.16,3.02,0.82
2000-04-08,1.19,7.65,6.99,3.21,0.56,93.01,60.36,2.28,1.24
2000-04-15,1.75,8.42,11.5,6.66,2.85,89.58,49.99,3.1,1.05
2000-04-22,2.04,12.43,13.57,8.16,3.37,84.49,38.57,2.98,0.83
2000-04-29,1.84,8.75,12.68,7.31,3.73,85.48,45.63,2.12,0.66
2000-05-06,1.59,8.03,10.93,6.66,3.22,91.26,60.8,2.65,0.78
2000-05-13,2.15,14.47,14.08,8.12,3.45,87.18,32.41,2.4,0.95
2000-05-20,1.71,12.59,9.56,3.87,-0.97,87.55,36.52,2.08,0.94
2000-05-27,1.74,10.84,10.87,5.13,1.12,89.99,41.62,0.93,1.11
2000-06-03,2.18,12.46,13.47,7.21,2.5,84.94,35.96,1.82,0.95
2000-06-10,1.84,10.31,11.16,5.79,1.45,79.14,35.78,2.81,0.88
2000-06-17,2.07,14.32,12.01,6.03,0.73,84.85,28.94,2.27,0.94
2000-06-24,1.33,11.23,6.89,1.42,-2.81,83.99,34.95,2.77,1
2000-07-01,1.85,13.74,11.44,6.36,2.08,86.83,38.2,1.65,1.3
2000-07-08,1.07,9.18,5.25,0.33,-3.38,80.81,40.4,3.22,1.11
2000-07-15,1.3,13.14,6.09,0.13,-4.43,80.73,28.23,1.13,0.85
2000-07-22,1.4,10.72,8.14,3.13,-0.9,87.16,46.1,2.77,1.15
2000-07-29,1.41,11.5,7.71,2.64,-1.73,83.32,40.4,2.69,0.96
2000-08-05,1.47,9.94,8.19,3.14,-0.95,86.24,42.75,2.76,0.72
2000-08-12,2.14,14.07,13.58,7.26,2.44,81.36,27.91,1.98,0.92
2000-08-19,2.29,18.01,14.72,8.84,3.28,74.99,15.29,-0.43,1.23
2000-08-26,1.63,11.47,10.26,4.86,1.08,86.17,42.11,2.79,0.99
2000-09-02,1.71,13.63,8.93,2.37,-2.91,80.24,25.41,2,1.05
2000-09-09,2.02,14.75,13.55,7.35,2.55,79.39,29.85,0.22,0.92
2000-09-16,1.68,9.92,10.4,5.4,1.05,85.02,44.44,3.33,1.13
2000-09-23,1.86,13.61,12.45,6.73,2.15,88.18,38.27,0.52,0.91
2000-09-30,1.4,7.72,8.47,4.64,1.65,86.69,59.02,4.11,0.81
2000-10-07,1.21,5.09,4.56,1.77,-1.05,92.39,75.04,5.19,1.02
2000-10-14,1.52,7.71,10.09,6.63,3.7,93.91,64.84,3.33,0.81
2000-10-21,1.72,14.09,12.05,5.9,1.86,87.31,36.18,0.2,0.91
2000-10-28,1.46,11.06,7.63,3.96,0.57,97.92,68.37,3.7,1.1
2000-11-04,1.48,11.1,6.76,1.94,-1.6,95.75,60.25,3.97,1.02
2000-11-11,1.54,11.13,8.67,4.17,0.4,100.13,63.98,4.95,0.78
2000-11-18,1.53,10.04,7.77,3.73,0.68,99.26,65.98,4.43,0.75
2000-11-25,1.68,13.27,12.81,6.34,2.11,87.73,41.85,2.76,0.87
2000-12-02,1.63,12.81,12.47,7.47,4.5,102.87,61.24,1.95,0.66
2000-12-09,1.69,12.46,14.19,9.56,5.75,99.61,50.78,3.79,1
2000-12-16,1.63,12.7,10.14,3.77,-0.47,82.81,37.58,1.38,1.02
2000-12-23,1.56,11.38,9,4.05,0.29,100.91,65.11,3.3,0.58
2000-12-30,1.45,12.23,4.4,-0.7,-4.36,92.55,44.04,2.6,0.87
2001-01-06,1.59,11.38,10.66,5.3,1.35,105.41,68.22,5.07,0.6
2001-01-13,1.6,12.7,9.04,3.32,-0.76,104.39,62.15,3.42,1.07
2001-01-20,1.56,12.23,8.75,1.95,-2.28,94.74,48.43,2.94,0.79
2001-01-27,1.56,9.61,9.6,5.44,1.96,108.56,78.37,3.76,0.73
2001-02-03,1.53,13.33,7.51,1.2,-3.44,83.94,41.92,0.73,1.06
2001-02-10,1.71,11.82,13.47,7.43,3.86,104.12,64.38,2.95,0.8
2001-02-17,1.88,13.02,16.34,10.14,6.13,81.8,34.9,1.09,1
2001-02-24,1.56,13.22,8.86,4.02,-0.59,76.05,34.52,1.15,1.64
2001-03-03,1.42,10.36,6.29,0.71,-3.69,95.41,56.41,3.53,0.95
2001-03-10,1.7,10.12,12.62,7.05,3.73,104.86,61,3.42,0.76
2001-03-17,1.62,9.59,10.49,5.22,1.46,106.56,62.79,4.05,0.99
2001-03-24,1.84,11.13,13.32,8.15,4.25,103.43,46.76,3.5,1.15
2001-03-31,1.52,10.68,9.27,3.82,0.08,97.99,58.81,4.69,0.9
2001-04-07,1.65,11.06,10.16,4.46,0.22,97.12,53.16,3.44,0.85
2001-04-14,1.38,14.97,6.79,1.56,-2.93,82.15,39.64,3.23,1.08
2001-04-21,1.02,7.93,3.63,-0.38,-3.43,97.29,65.13,3.91,0.87
2001-04-28,1.69,13.75,9.76,3.54,-1.43,89.64,40.43,1.87,0.79
2001-05-05,1.88,11.89,12.39,6.55,2.46,86.62,43.63,1.98,0.79
2001-05-12,1.94,15.89,11.96,5.85,1.11,86.69,36.66,2.26,0.86
2001-05-19,1.68,11.62,10.76,5.36,1.07,89.03,53.56,2.27,0.94
2001-05-26,1.77,13.21,11.3,6.02,2.06,85.55,45.23,2.38,0.77
2001-06-02,1.95,12.07,11.43,6.26,1.36,75.56,38.34,2.44,1.1
2001-06-09,1.23,12.06,6.87,2.64,-1.76,82.66,44.96,2.95,1.38
2001-06-16,1.57,12.82,7.9,1.93,-2.95,82.57,35.06,2.94,1.11
2001-06-23,1.76,17.96,9.14,2.98,-2.36,72.99,30.51,-0.64,1.04
2001-06-30,1.83,12.71,11.42,5.41,1.41,87.71,38.1,3.3,0.89
2001-07-07,1.78,14.99,10.12,4.54,-0.12,85.26,42.05,1.77,1.15
2001-07-14,1.43,7.81,9.16,4.6,1.02,87.95,53.83,2.76,0.96
2001-07-21,1.16,8.24,5.66,1.45,-2.71,79.27,52.78,3.93,0.97
2001-07-28,2,12.85,12.24,5.63,1.24,84.73,35.82,2.29,0.78
2001-08-04,1.83,12.29,11.83,6.65,2.6,83.61,45.26,1.33,0.95
2001-08-11,1.52,10.69,8.63,3.17,-1.09,86.24,48.75,2.02,0.92
2001-08-18,2.14,14.26,13.1,6.49,1.48,81.5,37.62,2.79,0.85
2001-08-25,1.99,13.68,12.52,6.27,1.6,82.84,36.71,1.11,0.76
2001-09-01,1.85,12.01,11.52,5.75,1.18,85.17,39.11,3.31,0.84
2001-09-08,1.5,12.36,7.07,2.11,-2.85,79.38,37.98,2.51,1.22
2001-09-15,1.25,9.76,3.94,-0.92,-5.52,76.24,45.85,3.24,1.2
2001-09-22,1.21,9.13,4.71,0.28,-3.49,87.73,52.3,3.05,0.86
2001-09-29,1.46,9.01,8.22,3.77,-0.06,89.61,56.7,4.01,0.83
2001-10-06,1.8,13.81,11.65,6.18,1.34,87.26,48.87,2.19,0.81
2001-10-13,2.03,14.68,15.57,9.08,4,77.39,34.76,0.45,0.79
2001-10-20,1.86,12.48,13.93,8.44,3.68,90.62,48.69,3.28,1
2001-10-27,1.69,13.73,10.68,4.54,0.08,90.74,38.47,0.2,0.85
2001-11-03,1.89,14.65,13.92,6.62,1.04,68.2,18.94,-0.28,1.02
2001-11-10,1.62,12.08,8.73,2.78,-1.76,89.18,43.25,2.09,1.01
2001-11-17,1.63,13.76,10.18,4.2,-0.41,73.42,29.55,2.66,0.95
2001-11-24,1.64,13.92,9.87,2.58,-2.41,81.83,23.84,1.03,1.25
2001-12-01,1.67,12.8,11.64,5.63,1.55,94.59,46.85,1.91,0.99
2001-12-08,1.66,13.37,10.56,4.52,0.17,81.73,29.67,0.65,1.12
2001-12-15,1.56,12.79,7.61,0.73,-4.15,77.33,30.78,1,1.25
2001-12-22,1.55,12.78,7.14,0.5,-4.81,75.96,30.87,1.38,1.04
2001-12-29,1.52,13.15,5.83,-0.31,-5.37,85.05,37.96,0.92,1.01
2002-01-05,1.45,12.31,2.15,-2.2,-7.81,65.55,26.04,2.13,1.37
2002-01-12,1.65,13.33,10.15,3.29,-2.31,58.69,17.51,0.89,0.98
2002-01-19,1.65,13.3,11.74,4.87,0.86,58.39,25.72,0.66,0.78
2002-01-26,1.68,12.68,12.03,5.97,1.23,77.02,36.58,0.66,1.03
2002-02-02,1.74,12.17,13.99,8.29,4.45,97.99,56.37,3.02,0.83
2002-02-09,1.86,13.67,16.81,10.09,5.79,66.94,30.78,0.73,0.75
2002-02-16,1.78,11.71,14.12,7.98,3.73,93.12,44.52,3.64,0.82
2002-02-23,1.73,8.99,12.81,7.9,4.24,94.38,57.05,4.68,0.84
2002-03-02,1.55,13.23,8.37,2.69,-1.94,89.9,37.23,1.91,1.02
2002-03-09,1.56,9.75,10.12,5.98,2.67,96.41,63.41,3.26,0.71
2002-03-16,1.92,14.71,14.99,8.85,4.73,89.71,35.57,3.14,0.73
2002-03-23,1.82,11.29,12.92,7.18,3.1,93.28,43.36,1.55,0.74
2002-03-30,1.6,12.13,9.84,5.55,1.6,85,41.05,2.74,1.81
2002-04-06,1.81,16.31,11.17,4.51,-0.82,65.28,23.81,0.44,1.05
2002-04-13,1.55,11.9,9.3,3.65,-0.09,88.98,36.58,2.19,1.09
2002-04-20,1.21,5.5,5.87,1.93,-0.84,92.15,63.07,4.38,0.79
2002-04-27,1.32,9.84,7.44,2.47,-0.73,87.15,53.13,3.8,0.73
2002-05-04,1.61,13.21,8.89,3.66,-1.16,79.07,35.86,2.27,1.17
2002-05-11,1.24,10.71,6.82,2.43,-1.11,86.19,57.82,4.36,1.12
2002-05-18,1.14,7.1,6.73,2.96,-0.12,85.12,60.37,3.06,0.72
2002-05-25,2.06,13.27,13.55,7.57,3.14,86.75,39.41,3.15,0.75
2002-06-01,1.02,4.38,6.95,3.46,0.95,89.55,67.38,3.47,0.91
2002-06-08,1.75,15.62,10.54,4.86,0.66,85.7,39.05,1.76,1
2002-06-15,1.13,8.02,6.34,2.08,-1.36,87.37,59.67,3.46,0.99
2002-06-22,2.38,18.46,13.82,7.1,1.45,81.71,30.78,1.68,1.06
2002-06-29,2.1,11.94,14.35,9.14,5.29,83.28,44.23,1.83,0.93
2002-07-06,1.34,11.01,7.16,2.3,-1.98,85.57,47.38,3.45,0.96
2002-07-13,1.08,9.29,6.93,2.63,-0.37,84.97,52.48,2.46,0.88
2002-07-20,1.68,10.15,10.42,5.33,1.34,84.24,45.97,2.97,0.96
2002-07-27,1.16,10.09,7.46,3.17,0.2,84.58,46.95,2.34,0.71
2002-08-03,1.57,14.61,8.94,3.68,-0.69,80.3,39.39,1.58,0.92
2002-08-10,1.4,10.89,8.04,3.82,-0.2,84.47,49.83,1.72,0.98
2002-08-17,0.67,5.56,3.76,1.17,-1.19,86.38,56.61,3.25,0.9
2002-08-24,1.69,15.63,9.63,3.92,-0.56,73.93,35.48,1.36,0.97
2002-08-31,1.35,10.02,7.59,2.96,-0.79,85.13,49.14,3.23,0.86
2002-09-07,1.41,9.16,8.72,3.98,0.68,85.74,50.11,2.5,0.74
2002-09-14,1.26,7.72,7.27,3.33,0.55,85.81,56.98,2.81,0.75
2002-09-21,1.42,12.45,7.34,2.04,-1.95,82.96,41.71,2.66,0.92
2002-09-28,1.51,11.09,8.48,3.68,-0.22,85.73,48.58,2.94,0.87
2002-10-05,1.25,12.93,4.19,-0.82,-4.72,73.03,38.85,4.14,0.96
2002-10-12,1.71,15.58,10.31,3.72,-0.65,74.41,17.16,0.61,0.95
2002-10-19,1.4,9.14,7.34,3.54,0.15,90.54,54.04,3.75,0.69
2002-10-26,1.46,11.04,7.97,3.57,0.03,88.2,48.69,3.38,1.23
2002-11-02,1.55,13.02,7.71,3.06,-1.32,88.17,44.47,2.77,1.21
2002-11-09,1.58,12.51,8.4,3.35,-0.93,84.92,36.79,1.87,0.85
2002-11-16,1.54,13.68,6.5,0.47,-4.42,75.9,26.82,-0.4,1.08
2002-11-23,1.49,9.03,8.04,5.21,2.19,97.7,70.98,5.52,1.25
2002-11-30,1.5,10.85,8.05,4.43,1.81,99.26,69.13,4.95,0.68
2002-12-07,1.57,12.34,9.98,6.3,3.17,97.16,66.56,4.23,0.9
2002-12-14,1.48,11.57,7.57,4.33,1.21,95.3,61.82,3.18,0.95
2002-12-21,1.55,12.92,8.35,3.42,0.02,95.76,54.35,1.34,0.72
2002-12-28,1.68,12.93,12.33,6.58,2.09,88.53,42.3,1.38,0.81
2003-01-04,1.58,12.37,9.94,6.35,3.34,102.48,65.68,3.89,0.66
2003-01-11,1.55,11.25,9.95,7.3,3.69,109.55,69.04,3.92,0.67
2003-01-18,1.59,12.69,8.75,4.12,0.43,94.26,49.65,2.28,1.05
2003-01-25,1.5,13.1,4.94,0.12,-4.05,87.96,45.15,1.53,1.04
2003-02-01,1.63,13.27,10.88,5.21,1.66,81.88,37.72,2.94,0.76
2003-02-08,1.68,12.75,11.5,5.85,0.82,87.85,45.37,3.07,1.06
2003-02-15,1.39,13.22,3.78,-0.88,-4.65,83.37,37.78,2.3,1.02
2003-02-22,1.49,14.22,6.27,1.14,-3.29,72.47,28.58,0.42,1.32
2003-03-01,1.41,13.89,4.84,-0.93,-5.57,79.52,36.33,1.09,0.97
2003-03-08,1.62,17.13,10.16,3.72,-0.61,70.33,27.52,0.81,0.83
2003-03-15,1.67,14.58,10.81,4.75,0.4,76.56,35.27,0.93,0.74
2003-03-22,1.9,13.85,14.14,7.92,3.27,79.28,31.28,0.31,0.87
2003-03-29,1.58,14.68,8.66,2.81,-2.4,66.56,29.93,0.86,1.09
2003-04-05,1.84,16.25,12.46,5.57,0.69,68.86,27.19,0.8,0.87
2003-04-12,1.83,13.23,12.55,6.31,1.9,80.99,34.52,0.78,0.96
2003-04-19,1.04,12.96,1.67,-2.35,-7.01,77.12,42.01,2.95,1.4
2003-04-26,1.24,10.94,5.5,1.21,-2.33,88.01,53.79,2.4,0.95
2003-05-03,1.32,10.39,6.91,2.96,-0.74,83.58,49.99,2.44,0.91
2003-05-10,1.86,16.88,11.49,5.49,0.68,81.35,35.43,1.79,1.14
2003-05-17,2.3,15.87,14.98,8.73,3.47,82.19,33.06,1.79,1.36
2003-05-24,1.98,10.13,13.25,8.62,4.32,82.55,45.23,2.5,1.12
2003-05-31,1.55,11.98,8.66,3.45,-0.75,83.03,43.7,2.93,1
2003-06-07,1.84,17.87,11.09,5.66,0.99,78.69,37.95,-0.14,0.98
2003-06-14,1.98,14.84,13.45,8.02,4.35,86.42,43.77,3.33,0.93
2003-06-21,2.2,12.35,14.73,8.84,4.82,83.37,41.38,2.25,0.79
2003-06-28,2.35,14.78,15.25,9.15,4.68,80.29,34.78,3.31,0.91
2003-07-05,2.06,14.99,12.88,7.3,2.86,76.14,34.66,1.46,1.03
2003-07-12,1.9,12.78,11.76,6.58,2.19,85.99,40.95,2.84,1.13
2003-07-19,1.42,13.94,7.82,3.06,-1.18,77.54,40.05,2.73,0.84
2003-07-26,1.97,17.31,12.79,7.47,3.25,74.52,35.83,-0.94,0.93
2003-08-02,2.26,15.7,13.94,7.41,2.67,85.3,37.38,2.98,0.95
2003-08-09,1.66,12.51,10.01,5.44,1.14,83.59,44.67,2.98,0.93
2003-08-16,1.91,15.38,12.6,7.35,3.23,69.18,34.26,-0.16,0.86
2003-08-23,2.42,19.13,16.76,11.11,6.5,54.53,20.47,-0.99,0.92
2003-08-30,2.11,12,13.67,7.98,3.31,78.5,30.76,2.53,0.94
2003-09-06,1.78,13.05,12.03,7.19,3.28,80.27,36.71,2.38,0.86
2003-09-13,1.48,12.03,8.71,3.96,0.19,82.45,39.68,2.7,1.14
2003-09-20,1.38,11.1,7.77,2.93,-0.74,83.67,45.55,2.42,0.65
2003-09-27,1.81,17.42,10.24,3.42,-1.92,73.96,25.56,1.6,1.17
2003-10-04,2.19,16.42,15.83,9.17,4.18,67.73,27.44,0.39,0.99
2003-10-11,1.82,14.83,11.18,4.88,0.03,80.61,35.92,2.31,1.07
2003-10-18,1.61,12.48,8.52,3.11,-1.41,85.26,43.16,3.76,0.91
2003-10-25,1.69,15.84,10.57,4.49,-0.01,87.25,42.62,1.41,1.32
2003-11-01,1.62,14.15,8.84,2.24,-2.13,80.34,33.69,2.19,0.97
2003-11-08,1.33,12.53,2.54,-3.04,-7.42,83.31,41.04,2.89,0.69
2003-11-15,1.49,11.65,6.82,1.86,-2.19,91.61,54.94,3.96,0.74
2003-11-22,1.75,15.85,11.67,4.71,-0.33,80.04,30.96,3.53,0.67
2003-11-29,1.69,13.68,10.72,3.83,-1.23,90.7,38.12,1.86,0.78
2003-12-06,1.67,12.24,13.6,8.93,5.65,86.4,52.7,1.12,0.62
2003-12-13,1.54,11.42,9.12,5.11,2.31,99.73,66.13,4.09,0.63
2003-12-20,1.74,14.61,13.9,6.39,1.7,74.02,24.82,0.47,1.03
2003-12-27,1.63,12.9,10.94,5.95,1.95,91.33,39.07,3.4,1.42
2004-01-03,1.55,13.02,8.04,2.75,-0.99,84.53,43.15,2.82,1.02
2004-01-10,1.58,12.34,8.67,4.32,0.36,81.91,48.96,4.22,0.66
2004-01-17,1.55,9.74,8.75,7,4.59,106.55,82.04,4.21,0.57
2004-01-24,1.59,13.81,9.04,3.75,-0.73,90.26,45.65,0.89,1.13
2004-01-31,1.63,13.25,11.2,5.15,0.69,97.67,40.72,2.55,1.09
2004-02-07,1.6,12.52,8.26,3.68,-0.98,83.31,39.58,2.04,1.36
2004-02-14,1.5,14.11,6.24,0.55,-4.11,91.85,38.8,1.5,0.82
2004-02-21,1.77,14.12,13.68,7.29,2.39,64.22,27.92,0.73,1.15
2004-02-28,1.83,15.67,14.43,8.15,3.16,72.84,26.38,1.29,1.38
2004-03-06,1.71,15.29,12.52,6.66,2.36,78.52,38.33,1.56,1.07
2004-03-13,1.38,6.9,5.1,1.73,-1.79,98.9,69.37,4.6,0.69
2004-03-20,1.37,13.14,4.59,-0.85,-5.89,82.27,49.41,2.65,1.01
2004-03-27,1.43,11.33,6.88,1.62,-2.37,88.43,46.28,2.69,0.94
2004-04-03,1.7,14.06,11.06,5.62,1.95,88.56,54.51,3.36,0.84
2004-04-10,1.69,11.75,11.71,6.5,3.43,92.29,50.9,3.84,0.73
2004-04-17,1.52,16,7.94,2.28,-2.28,86.71,44.52,1.47,0.82
2004-04-24,1.56,8.64,9.8,4.96,1.58,93.15,51.78,2.19,0.64
2004-05-01,1.36,12.03,7.06,1.86,-2.12,88.87,44.93,2.49,0.78
2004-05-08,1.26,9.26,7.66,3.8,1.26,91.43,66.84,3.34,0.84
2004-05-15,1.87,16.58,11.36,5.61,0.61,76.64,35.43,-0.18,0.9
2004-05-22,1.08,6.44,6.76,3.08,0.84,87.77,63.34,3.33,0.67
2004-05-29,1.01,10.95,4.76,0.15,-2.64,85.4,50.52,2.84,0.84
2004-06-05,2.11,21.14,12.16,6.12,0.29,66.18,28.27,-0.73,0.98
2004-06-12,1.67,18.26,9.05,2.46,-2.57,83.26,34.23,2.17,1.01
2004-06-19,1.3,12.4,7.67,2.45,-1.19,86.85,47.62,3.56,0.78
2004-06-26,2.1,19.5,11.59,5.67,0.17,71.23,27.38,0.09,1.05
2004-07-03,1.82,12.21,10.55,4.86,0.26,73.43,33.78,2.78,1.03
2004-07-10,1.04,8.07,5.22,1.53,-2.36,85.71,54.66,3,0.83
2004-07-17,1.7,15.58,10.35,4.85,0.78,83.57,37.67,1.97,0.93
2004-07-24,1.4,9.41,8.29,3.33,-0.38,84.26,53.05,3.45,0.92
2004-07-31,1.04,11.46,4.93,0.78,-3.15,80.38,44.11,3.37,1.06
2004-08-07,1.53,7.81,9.33,4.7,0.77,85.3,54.66,2.63,0.73
2004-08-14,1.65,15.12,10.16,4.83,0.9,78.44,36.82,1.44,0.8
2004-08-21,2.07,17.87,12.56,6.34,1.38,77.89,26.69,-0.95,0.88
2004-08-28,1.58,10.22,10.13,4.77,1.41,86.95,52.18,3.36,0.73
2004-09-04,1.56,15.18,9.54,5.19,1.12,83.22,44.48,1.39,1.15
2004-09-11,1.42,11.72,7.85,3.37,-0.6,81.99,47.57,2.14,1.03
2004-09-18,1.38,11.38,7.85,3.74,-0.04,83.88,50.82,2.53,1.11
2004-09-25,2.03,18.21,13.66,7.25,2.51,78.53,31.7,0.72,0.91
2004-10-02,1.49,11.19,8.93,4.61,0.98,84.82,51.85,3.62,0.87
2004-10-09,1.67,14.71,10.33,5.25,1.08,80.73,40.58,2.09,0.96
2004-10-16,1.73,14.8,9.72,3.87,-1.36,69.75,30.42,0.52,1.24
2004-10-23,1.85,16.62,13.14,7.15,2.85,78.12,31.3,-0.61,0.94
2004-10-30,1.47,9.57,9.13,5.71,2.49,87.11,60.9,3.5,0.8
2004-11-06,1.4,10.39,6,2.04,-1.44,87.34,55.12,3.86,0.93
2004-11-13,1.6,11.64,11.42,6.97,3.72,92.81,60.04,3.57,0.94
2004-11-20,1.53,9.78,10.92,7.34,4.55,93.49,64.65,4.12,0.81
2004-11-27,1.67,13.72,9.73,4.17,-0.8,78.75,28.39,2.31,1.04
2004-12-04,1.56,11.82,7.82,3.61,-0.39,66.85,31.12,1.98,1.2
2004-12-11,1.63,15.27,9.37,3.12,-1.61,63.4,17.7,1.81,1.56
2004-12-18,1.57,12.54,9.21,4.95,1.27,79.02,42.56,3.85,0.77
2004-12-25,1.61,13.59,11.57,6.72,3.38,83.16,45.53,2.42,0.8
2005-01-01,1.66,13.62,13.69,8.69,5.66,54.47,24.64,1,0.73
2005-01-08,1.54,13.74,6.91,2.21,-1.67,76.39,31.3,2.08,1.02
2005-01-15,1.58,11.78,8.6,4.51,0.27,93.77,57.11,4.35,0.84
2005-01-22,1.6,13.64,8.4,3.1,-1.21,75.05,28.04,2.13,0.72
2005-01-29,1.75,13.7,14.21,8.41,3.56,62.98,29.65,0.89,1.16
2005-02-05,1.72,13.53,13.43,7.83,3.65,58.39,27.44,0.66,0.85
2005-02-12,1.7,13.09,12.06,6.1,0.49,78.16,30.58,2.9,1.19
2005-02-19,1.36,12.74,1.76,-1.69,-5.08,63.13,32.66,1.38,1.44
2005-02-26,1.49,14.96,5.68,1.09,-3.88,78.37,36.07,0.91,1.25
2005-03-05,1.57,15.62,8.74,2.45,-1.86,68.27,32.95,0.42,0.76
2005-03-12,1.41,12.52,4.79,1.11,-3.01,71.95,40.05,2.52,1.28
2005-03-19,1.25,8.61,2.92,-1.32,-4.11,85.05,48.52,2.64,0.6
2005-03-26,1.17,15.44,1.19,-3.71,-8.02,64.7,30.27,2.17,0.84
2005-04-02,1.37,17.36,4.77,-0.38,-5.18,61.14,28.85,0.31,1.24
2005-04-09,1.81,17.32,12.26,6.43,1.7,70.56,30.79,0.86,0.89
2005-04-16,1.82,11.07,13.35,8.63,4.75,89.86,58.76,2.02,0.8
2005-04-23,1.55,10.74,10.5,5.87,2.95,90.56,57.24,3.83,0.68
2005-04-30,1.58,13.12,10.07,5.05,1.12,77.12,44.01,2.1,1.19
2005-05-07,1.35,7.96,8.17,4.56,1.64,82.87,56.5,2.49,0.86
2005-05-14,1.33,11.56,6.66,2.53,-1.67,83.72,48.27,3.57,0.8
2005-05-21,1.53,11.28,9.3,4.75,1.13,79.64,43.71,2.71,1.03
2005-05-28,2.17,16.7,14.32,8.28,3.51,77.34,30.77,2.2,1.02
2005-06-04,1.21,14.05,6.2,1.72,-1.71,79.69,37.66,2.09,1.02
2005-06-11,1.53,10.96,9.25,4.62,0.67,80.89,44.41,3.16,0.98
2005-06-18,2.05,15.13,12.7,7.09,2.25,77.55,38.81,1.51,0.97
2005-06-25,2.08,14.5,13.45,7.95,3.62,85.56,39.91,3.05,1.04
2005-07-02,1.2,16.44,5.57,0.96,-3.32,70.23,30.38,2.09,1.23
2005-07-09,1,8.64,6.56,2.89,0.09,83,49.63,2.31,0.86
2005-07-16,2.21,18.05,14.18,8.07,3.67,78.42,27.37,1.56,0.83
2005-07-23,1.7,9.73,11.52,6.58,3.14,82.71,39.53,3.84,0.79
2005-07-30,1.23,13.13,6.2,1.63,-2.64,81.11,44.34,3.44,1.01
2005-08-06,1.38,12.75,8.33,3.73,0.05,78.24,38.4,1.61,0.78
2005-08-13,1.71,13.93,10.84,5.46,1.66,85.87,35.09,2.63,1
2005-08-20,1.67,14.22,10.76,6.44,2.48,86.73,45.53,1.64,0.92
2005-08-27,1.33,11.13,8.26,4.04,0.45,76.47,39.97,1.96,1.18
2005-09-03,1.38,15.81,7.15,2.19,-1.98,80.38,33.18,0.9,1.02
2005-09-10,1.31,12.3,7.23,2.23,-1.38,82.65,41.91,2.84,0.99
2005-09-17,0.89,5.72,5.16,1.94,-0.53,87.27,58.57,3.36,0.77
2005-09-24,1.66,13.14,11.58,6.89,3.33,86.31,43.25,1.48,0.78
2005-10-01,1.6,12.78,9.75,5.35,1.26,89.24,52.12,3.45,0.82
2005-10-08,1.45,12.08,9.55,5.38,2.17,88.96,46.42,1.11,0.78
2005-10-15,1.34,8.29,6.93,2.87,-0.35,88.02,54.3,3.16,0.87
2005-10-22,1.53,10.59,9.52,5.13,1.47,88.32,46.13,3.41,0.84
2005-10-29,1.31,7.16,6.17,2.58,-0.46,90.69,64.73,4.55,0.6
2005-11-05,1.7,16.78,11.19,5.01,0.99,86.54,36.19,2.28,0.82
2005-11-12,1.67,14.5,10.93,6.17,2.24,85.62,41.26,1.9,0.83
2005-11-19,1.7,14.76,12.55,7.44,3.71,86.89,44.04,0.01,0.81
2005-11-26,1.75,14.39,12.79,7.59,3.41,79.92,33.37,0.19,0.71
2005-12-03,1.7,13.56,12.63,7.27,3.53,79.04,39.53,2.7,0.74
2005-12-10,1.6,14.37,9.22,3.81,-0.01,84.99,33.41,0.01,0.79
2005-12-17,1.49,13.62,3.78,-1.61,-6.36,75.26,28.84,1.68,1.35
2005-12-24,1.5,13.02,5.55,-0.12,-4.45,94.3,44.71,3.09,0.73
2005-12-31,1.54,12.18,7.08,2.03,-1.73,90.59,45.39,4.04,0.69
2006-01-07,1.68,13.43,11.42,5.55,1.03,90.47,37.35,2.65,1.48
2006-01-14,1.55,13.19,7.37,2.54,-1.77,77.81,30.72,2.17,1.29
2006-01-21,1.48,12.23,3.41,-0.46,-4.04,94.48,58.25,3.04,0.96
2006-01-28,1.55,14.15,5.95,-0.8,-5.91,99.55,43.04,2.13,1.07
2006-02-04,1.55,12.25,7.55,3.75,0.63,91.69,53.51,2.78,0.92
2006-02-11,1.6,13.81,9.2,3.35,-0.55,70.96,27.87,1,0.85
2006-02-18,1.6,14.03,9.85,4.18,-0.32,78.31,31.43,0.66,0.97
2006-02-25,1.53,12.68,7.14,2.46,-1.17,80.42,42.09,3.69,0.89
2006-03-04,1.77,15.82,14.84,8.63,4.89,73.08,31.49,0.73,0.65
2006-03-11,1.53,14.86,7.24,2.68,-1.52,69.69,31.52,0.42,1.08
2006-03-18,1.51,12.09,7.94,3.93,0.6,86.66,44.76,3.51,0.75
2006-03-25,1.39,7.45,6.73,4.01,1.73,103.62,75.23,4.15,0.62
2006-04-01,1.4,13.81,5.58,0.05,-4.42,90.41,40.56,1.73,0.97
2006-04-08,1.45,12.09,6.01,0.58,-4.71,89.14,40.85,3.09,1.1
2006-04-15,1.31,13.57,5.29,0.05,-3.8,90.56,46.51,2.51,0.89
2006-04-22,1.59,13.54,10.31,5.06,1.63,99.72,46.19,1.89,0.71
2006-04-29,1.72,12.91,11.34,6.49,2.51,91.13,42.81,3.18,0.95
2006-05-06,1.45,12.16,7.98,3.44,-0.68,90.27,45.3,2.79,0.76
2006-05-13,1.52,9.92,8.44,3.51,-0.86,87.87,47.93,3.39,1.24
2006-05-20,1.7,12.58,11.54,6.42,2.77,89.72,41.13,2.35,0.85
2006-05-27,1.6,8.68,10.62,6.04,2.67,85.21,46.71,2.93,0.73
2006-06-03,1.44,14.06,8.65,3.72,0.21,89.19,45.34,2.66,0.85
2006-06-10,1.46,12.62,8.51,3.98,-0.07,90.64,45.11,3.26,0.83
2006-06-17,1.99,14.67,13.21,8.25,3.92,91.89,38.99,1.68,1.14
2006-06-24,1.5,10.89,9.46,5.03,1.26,86.98,49.23,2.32,1.3
2006-07-01,0.94,10.99,4.55,0.41,-2.85,75.28,36.91,2.68,1.41
2006-07-08,1.51,19.35,7.09,1.61,-3.43,73.09,22.1,-0.23,1.12
2006-07-15,2.37,20.25,13.65,6.9,1.35,84.43,24.63,1.88,1.03
2006-07-22,1.97,12.05,13.28,7.81,4.01,87.71,37.94,1.33,0.88
2006-07-29,1.69,13.08,10.99,6.3,2.45,81.57,46.24,3,0.93
2006-08-05,1.41,12.41,9.59,5.08,1.99,87.57,45.85,1.16,0.94
2006-08-12,1.98,14.27,12.89,7.6,3.45,83.24,35.83,2.03,0.69
2006-08-19,2.17,17.5,14.2,8.43,4.12,75.01,31.66,0.55,0.85
2006-08-26,1.9,12.6,12.53,7.23,3.15,87.59,41.24,2.58,1.02
2006-09-02,1.05,9.36,6.3,2.54,-0.39,83.89,48.69,3.4,0.89
2006-09-09,1.07,9.78,5.36,0.9,-2.13,79.81,43.61,2.71,0.93
2006-09-16,1,9.13,5.13,1.33,-1.79,88.22,56.76,2.73,0.95
2006-09-23,1.44,13.42,7.66,2.79,-1.25,86.99,42.43,2.64,1.04
2006-09-30,1.45,16.88,7.09,2.04,-2.5,80.31,31.54,2.28,1.16
2006-10-07,2.16,17.73,15.39,9.73,5.18,78.38,31.55,2.28,1.08
2006-10-14,1.65,13.43,10.94,5.89,2.18,81.24,39.71,3.84,0.78
2006-10-21,1.67,14.1,11.4,6.62,2.91,87.02,45.44,1.36,0.81
2006-10-28,1.66,12.13,11.56,7.15,3.72,89.32,47.27,0.7,0.81
2006-11-04,1.54,11.69,10.17,5.58,1.94,89.12,47.87,2.21,1.24
2006-11-11,1.81,16.02,13.04,7.55,3.18,71.25,31.76,2.1,0.82
2006-11-18,1.63,14.1,10.37,5.51,1.48,94.91,48.69,1.62,0.86
2006-11-25,1.73,12.98,13.16,8.5,4.36,90.89,50.33,2.25,1.05
2006-12-02,1.68,14.92,8.99,3.09,-2.23,73.2,16.51,-0.28,1.57
2006-12-09,1.77,14.76,12.66,7.1,2.07,53.33,11.68,-0.4,1.25
2006-12-16,1.69,12.84,12.2,7.1,3.16,88.42,44.69,1.83,1.05
2006-12-23,1.63,11.82,10.21,6.02,2.02,97.26,54.41,1.97,0.82
2006-12-30,1.77,14.43,16.24,10.15,6.45,64.59,20.71,0.12,0.9
2007-01-06,1.61,11.85,11.4,7.82,4.14,100.3,67.82,4.62,1
2007-01-13,1.69,13.52,13.45,8.21,4.37,87.9,38.5,1.34,0.75
2007-01-20,1.6,12.7,9.88,5.58,1.83,86.1,49.15,3.62,0.89
2007-01-27,1.65,13.95,13.41,8.11,5.16,64.2,27.25,0.45,0.74
2007-02-03,1.75,13.29,15.85,9.8,5.29,70.55,31.04,2.13,1.37
2007-02-10,1.65,12.77,11.84,7.29,3.43,86.26,35.51,1.99,1.1
2007-02-17,1.79,13.44,15.08,10.25,4.98,91.1,39.44,1.25,0.98
2007-02-24,1.73,12.87,14.58,10.82,6.98,85.31,44.29,1.35,1.2
2007-03-03,1.51,8.84,7.39,4.05,0.3,100.56,64.66,5.06,0.9
2007-03-10,1.79,16.17,14.76,9.1,4.73,63.94,30.07,0.73,1.16
2007-03-17,1.65,13.36,10.97,6.31,2.77,95.12,47.95,2.39,0.72
2007-03-24,1.67,14.31,11.82,7.13,3.43,95.8,40.05,3.73,0.84
2007-03-31,1.62,13.02,11.52,6.99,3.8,95.05,53.95,2.6,0.69
2007-04-07,1.82,14.21,13.2,8.2,4.32,89.41,38.64,1.99,1.1
2007-04-14,1.66,12.44,11.78,7.41,3.83,86.57,51.14,3.6,0.88
2007-04-21,2,16.76,15.73,9.49,5.22,75.28,29.65,0.86,0.92
2007-04-28,1.2,8.04,4.19,0.05,-3.11,88,57.05,4.4,0.87
2007-05-05,1.31,9.33,6.3,2.68,-0.45,94.71,51.09,4.02,0.43
2007-05-12,1.75,14.86,11.78,6.26,2.43,91.12,44.01,2.73,0.6
2007-05-19,2.34,19.36,17.06,10.36,5.34,83.15,29.36,0.25,0.78
2007-05-26,2.33,18.05,16.61,10.2,5.3,86.15,28.84,0.16,0.97
2007-06-02,2.24,17.52,15.93,9.58,5.24,80.07,26,-0.18,0.91
2007-06-09,1.53,9.43,9.69,4.86,1.31,91.05,48.2,2.61,0.76
2007-06-16,2.12,16.07,13.8,8.37,3.66,77.83,32.52,2.26,1.18
2007-06-23,2.02,17.11,12.06,6.03,1.04,86.89,33.27,2.66,0.9
2007-06-30,1.91,10.1,13.36,7.94,4.49,91.69,42.66,3.53,0.77
2007-07-07,0.9,5.57,5.84,2.36,-0.12,93.56,61.48,3.68,0.58
2007-07-14,1.6,11.45,10.7,6.16,2.65,86.09,45.53,2.23,0.89
2007-07-21,1.24,7.54,8.36,4.18,1.24,90,59.35,2.96,0.93
2007-07-28,1.67,13.66,11.01,6.53,2.74,90.99,46.94,1.77,1.24
2007-08-04,1.22,11.12,6.69,2.37,-1.49,90.42,51.53,3.69,1.23
2007-08-11,1.3,10.19,7.2,2.57,-1.49,86.11,46.05,2.99,1.27
2007-08-18,1.63,14.52,8.7,3.53,-1.24,83.67,40.11,2.76,1.25
2007-08-25,2.14,17.37,14,8.87,4.5,77.3,32.23,-0.73,1.53
2007-09-01,1.79,15.21,10.96,5.61,1.3,85.16,39.1,2.16,1.45
2007-09-08,1.64,17.89,8.27,2.39,-2.7,83.75,33.55,2.27,1.16
2007-09-15,1.39,12.2,8.61,3.91,0.42,86.95,44.32,3.38,1
2007-09-22,1.41,9.74,8.75,4.5,0.99,86.65,55.19,2.29,0.99
2007-09-29,1.24,9.82,6.45,2.73,-1.06,82.42,53.14,3.73,0.83
2007-10-06,1.53,10.76,9.33,4.58,0.88,83.31,45.25,2.25,0.94
2007-10-13,1.28,14.6,5.42,1.03,-3.17,76.67,36.55,1.96,1.49
2007-10-20,1.83,19.05,10.47,4.31,-0.95,86.82,27.14,1.35,1.07
2007-10-27,1.59,13.47,9.61,4.27,-0.16,83.73,41.16,2.95,0.94
2007-11-03,1.25,8.89,5.91,2.45,-0.46,91.03,61.27,4.27,0.73
2007-11-10,1.91,15.68,14.12,8.15,3.65,79.12,29.02,1.84,0.87
2007-11-17,1.77,16.8,11.71,5.44,0.88,83.68,31.9,0.45,0.98
2007-11-24,1.57,15.45,7.87,2.94,-1.4,70.91,24.69,1.71,1.4
2007-12-01,1.39,9.01,5.99,2.13,-1.12,91.74,56.47,2.14,0.88
2007-12-08,1.69,14.83,11.44,5.49,1.2,77.35,30.22,1.87,0.97
2007-12-15,1.6,14.28,8.24,3.31,-1.29,85.47,20.68,1.87,2.08
2007-12-22,1.46,14.66,3.6,-1.69,-6.5,73.99,25.84,0.34,1.56
2007-12-29,1.52,11.28,8.41,4.86,1.82,92.83,58.55,4.57,0.79
2008-01-05,1.64,14.82,10.27,4.68,0.24,81.87,31.71,0.31,1.3
2008-01-12,1.6,13.26,9.36,5.2,1,86.02,34.53,2.26,1.13
2008-01-19,1.58,13.1,7.95,3.69,-0.54,77.04,35.35,1,1.33
2008-01-26,1.61,13.14,10.63,5.84,2.51,65.39,31.72,1.38,0.92
2008-02-02,1.58,13.4,8.93,4.28,0.61,79.48,30.54,0.92,0.88
2008-02-09,1.55,13.02,6.95,1.5,-2.31,92.55,39.04,2.13,0.97
2008-02-16,1.5,12.01,6.24,2.62,-0.23,94.83,63.22,3.52,0.62
2008-02-23,1.53,11.48,8.8,5.06,2.45,103.24,66.58,4.81,0.52
2008-03-01,1.64,11.91,12.59,9.35,6.29,94.74,62.29,3.93,1.03
2008-03-08,1.83,14.31,15.59,10.69,5.32,72.56,28.8,0.91,1.6
2008-03-15,1.54,10.08,9.34,6.09,2.99,103.65,67.35,3.87,0.87
2008-03-22,1.68,15.54,11.94,6.18,2.07,76.27,33.09,2.21,1.1
2008-03-29,1.7,16.33,11.25,6.1,1.24,63.8,24.47,1.09,1.05
2008-04-05,1.86,16.14,15.2,9.63,5.43,73.05,32.66,0.81,0.93
2008-04-12,1.94,15.8,15.86,10.33,5.98,93.27,39.41,1.3,1.37
2008-04-19,1.37,7.74,7.18,3.75,0.64,97.71,69.43,3.19,1.53
2008-04-26,1.58,12.02,9.79,5.68,2.1,98.56,55.93,3.58,1.22
2008-05-03,1.23,9.7,3.56,-0.63,-4.71,86.15,43.48,3.48,1.05
2008-05-10,1.46,13.43,6.94,2.08,-2.22,87.99,42.24,1.83,1
2008-05-17,1.33,11.9,6.94,2.85,-0.48,78.98,43.3,2.58,1.42
2008-05-24,1.09,5.25,6.26,3.57,1.36,98.15,70.21,3.9,0.86
2008-05-31,1.15,6.89,6.29,2.59,0.09,97.86,59.27,3.84,1.1
2008-06-07,1.6,16.94,9.32,4.28,-0.06,77.64,35.43,1.76,1.1
2008-06-14,1.4,15.37,8.71,4.33,1.08,83.77,41.06,1.93,1.09
2008-06-21,1.77,18.29,10.6,4.97,0.52,82.55,32.8,1.86,1.04
2008-06-28,1.39,9.92,9.69,5.63,2.55,87.18,54.56,3.18,0.94
2008-07-05,1.08,8.32,7.8,4.1,1.91,93.98,60.66,2.53,0.87
2008-07-12,1.92,12.84,12.93,8.06,4.18,88.7,48.91,3.04,1.05
2008-07-19,1.16,8.91,8.24,4.24,1.6,91.37,56.53,3.29,0.69
2008-07-26,0.84,7.34,4.56,0.46,-2.26,87.14,50.63,2.97,0.93
2008-08-02,1.54,11.01,10.24,5.77,2.3,92.71,54.66,2.44,0.91
2008-08-09,2.1,13.69,13.16,7.5,3.11,91.42,44.81,3.25,1.03
2008-08-16,1.53,12.23,10.09,5.48,2.13,87.83,49.2,3.04,1.11
2008-08-23,1.33,12.33,8.5,3.91,0.71,90.52,50.54,2.63,1.13
2008-08-30,1.14,12.28,6.77,2.76,-0.78,90.87,58.66,3.06,1.08
2008-09-06,1.45,13.86,8.5,3.17,-0.53,78.44,38.39,2.07,0.95
2008-09-13,1.73,12.38,11.3,5.72,2.07,90.04,41.26,2.7,1.02
2008-09-20,1.89,16.44,10.89,5.69,0.44,89.67,40.61,2.16,1.2
2008-09-27,1.1,9.02,6.5,3.09,-0.12,88.22,55.48,3.11,1.25
2008-10-04,1.42,12.51,8.01,3.34,-0.74,88.53,47.77,2.47,1.03
2008-10-11,1.73,16.46,11.76,6.84,3.05,87.31,44.39,1.94,0.95
2008-10-18,1.5,9.95,9.82,5.93,2.61,91.67,62.27,2.39,1.21
2008-10-25,1.49,10.59,9.74,5.47,2.34,89.67,56.14,3.5,1.02
2008-11-01,1.49,15.98,6.76,1,-3.89,82.87,28.87,-0.4,1.21
2008-11-08,1.47,17.35,7.53,1.29,-2.57,83.61,33.42,0.52,1.12
2008-11-15,1.44,13.25,6.54,1.49,-2.76,86.41,47.59,2.95,1.23
2008-11-22,1.79,14.58,12.93,7.27,3.16,87.82,39.47,0.45,0.95
2008-11-29,1.72,13.51,12.16,7.48,3.41,90.77,46.26,1.02,1.04
2008-12-06,1.62,13.49,11.15,6.34,2.91,93.6,48.61,1.35,0.94
2008-12-13,1.45,9.4,8,4.48,1.5,101.49,67.22,4.43,1.15
2008-12-20,1.6,12.04,10.74,6.44,2.85,94.18,51.53,3.99,0.75
2008-12-27,1.54,12.62,9.45,5.27,1.73,93.7,49.41,3.65,0.99
2009-01-03,1.57,12.94,6.78,2.18,-2.55,76.83,27.55,2.3,1.84
2009-01-10,1.48,11.56,5.97,1.87,-1.46,93.3,55.85,5.01,0.92
2009-01-17,1.53,12.8,6.24,1.36,-2.5,93.87,50.67,2.26,0.96
2009-01-24,1.49,10.28,7.94,5.31,2.75,109.33,82.64,5.76,0.62
2009-01-31,1.68,12.12,11.8,7.24,2.62,98.67,56.72,3.9,1.38
2009-02-07,1.58,13.49,8.75,2.39,-2.09,87.63,34.25,0.78,1.36
2009-02-14,1.65,13.42,10.25,3.8,0.04,87.05,32.04,2.13,0.87
2009-02-21,1.53,13.28,7.16,1.79,-1.77,80.26,36.51,2.06,0.88
2009-02-28,1.59,13.56,9.71,4.45,0.65,78.1,36.87,1.99,1.09
2009-03-07,1.61,11.42,10.46,6.32,3.09,104.02,62.15,4.73,0.77
2009-03-14,1.57,12.22,8.74,4.49,0.92,99.13,53.52,2.74,0.99
2009-03-21,1.57,12.27,9.59,4.89,1.68,104.51,61.92,4.13,0.8
2009-03-28,1.5,10,7.73,4.73,1.4,98.84,65.09,4.6,0.96
2009-04-04,1.38,13.51,4.12,-1.13,-6.2,75.8,36.47,1.68,1.52
2009-04-11,1.52,15.57,7.67,2.45,-2.43,73.05,34.37,1,1.39
2009-04-18,1.57,12.85,10.89,7.18,4.22,90.56,55.7,3.21,1.27
2009-04-25,1.57,12.87,8.91,4.26,0.07,95,43.71,3.94,1.14
2009-05-02,1.7,16.78,10.6,5.35,0.63,80.28,33.08,0.86,1.23
2009-05-09,1.39,15.85,6.01,1.4,-3.38,78.86,31.19,1.75,1.75
2009-05-16,1.38,10.52,8.04,4.17,1.38,100.99,59.81,4.54,1.06
2009-05-23,1.71,12.48,12.44,7.86,4.73,85.41,43.73,2.28,0.7
2009-05-30,1.92,18.06,13.57,8.13,4.04,82.87,32.36,0.25,0.89
2009-06-06,1.5,8.97,9.76,5.15,2.02,93,51.41,3.62,0.75
2009-06-13,1.13,9.41,6.22,2.31,-0.55,90.07,53.29,4.13,0.9
2009-06-20,1.66,17.07,9.81,4.85,0.54,75.91,33.06,0.91,1.06
2009-06-27,2.09,17.61,13.6,7.62,3.03,90.98,38.66,1.73,0.89
2009-07-04,2.03,14.46,13.71,8.27,4.02,91.03,45.41,0.37,0.8
2009-07-11,2.52,17.25,16.22,9.94,4.83,88.83,29.81,2.04,1.14
2009-07-18,1.6,16.44,8.11,3.49,-1.65,77.99,39.05,1.76,1.23
2009-07-25,1.24,11.02,7.97,3.68,0.65,90.37,51.81,2.34,1.38
2009-08-01,2.05,19.18,12.09,6.02,1.05,84.86,33.35,2.72,1.33
2009-08-08,1.14,12.78,6.45,2.18,-1.49,80.14,41.94,3.28,1.41
2009-08-15,1.24,10.4,8.98,4.87,2.22,86.57,47.81,1.94,0.83
2009-08-22,1.33,10.7,8.66,4.57,1.22,87.26,47.63,2.37,0.81
2009-08-29,1.55,14.1,9.22,4.28,0.24,90.24,47.97,1.61,1.02
2009-09-05,1.56,13.92,9.02,4.36,-0.01,91.58,51.38,3.53,1.2
2009-09-12,1.97,20.09,11.4,6.04,1,89.73,37.53,2.21,1.28
2009-09-19,1.44,10.94,9.14,4.78,1.17,89.04,47.97,2.9,1.02
2009-09-26,1.54,14.79,10.52,5.81,2.62,91.81,43.75,2.82,0.87
2009-10-03,2.03,17.47,13.23,7.49,3.04,88.38,37.45,2.36,0.99
2009-10-10,1.95,16.61,12.8,7.26,2.9,82.93,35.57,1.63,1.14
2009-10-17,1.83,13.62,11.93,6.75,2.38,82.88,43.82,0.61,1.05
2009-10-24,1.56,13.77,9.46,4.33,0.05,78.67,37.12,2.29,0.99
2009-10-31,1.31,7.66,7.27,3.48,0.45,82.1,53.85,3.87,0.85
2009-11-07,1.62,12.1,11.57,7,3.81,86.45,49.16,1.08,0.87
2009-11-14,1.72,13.44,12.99,8.03,4.81,82.61,40.13,1.21,0.93
2009-11-21,1.88,17.14,13.11,7.05,2.52,80.26,31.45,0.34,1
2009-11-28,1.51,12.36,8,3.98,0.05,79.11,37.76,3.57,1.42
2009-12-05,1.47,13.59,5.3,-1.16,-6.23,69.91,23.84,0.93,1.26
2009-12-12,1.7,13.64,11.11,5.64,1.16,78.03,35.61,3.42,1.05
2009-12-19,1.66,13.42,9.2,3.66,-1.02,83.77,29.79,3.23,0.95
2009-12-26,1.48,12.36,6.44,1.61,-1.8,90.33,44.39,2.09,0.82
2010-01-02,1.66,13.05,11.68,6.28,2.31,90.27,47.12,0.01,1.09
2010-01-09,1.82,15.5,15.83,9.81,4.69,73.55,22.13,0.24,1.08
2010-01-16,1.6,11.28,9.42,4.98,1.42,104.16,66.13,4.71,0.96
2010-01-23,1.6,12.52,9.33,4.26,0.47,95.73,52.24,3.48,0.83
2010-01-30,1.53,13.46,6.05,1.25,-2.71,91.47,47.64,1.34,1.08
2010-02-06,1.44,12.66,2.67,-2.38,-6.61,94.24,52.15,4.49,0.87
2010-02-13,1.59,12.7,8.95,4.25,0.36,89.05,47.96,4.3,1
2010-02-20,1.55,10.02,8.75,7.3,4.79,114.55,84.04,2.91,1.07
2010-02-27,1.52,13.2,6.34,1.45,-2.86,90.83,48.08,2.17,1.08
2010-03-06,1.52,11.21,7.33,2.99,-0.01,103.82,65.72,3.93,0.57
2010-03-13,1.61,14.97,10.39,4.01,0,81.31,37.43,0.84,0.9
2010-03-20,1.64,13.92,10.59,4.55,0.27,76.85,33.95,0.91,0.97
2010-03-27,1.44,14.16,4.72,-0.2,-4.47,82.51,34.78,2.21,1.2
2010-04-03,1.45,10.92,6.74,2.97,-0.3,89.41,52.38,3.07,1.02
2010-04-10,1.53,13.81,8.04,2.93,-0.86,96.52,51.76,1.78,0.92
2010-04-17,1.45,8.08,8.23,4.05,1.23,104.19,68.52,4.08,1
2010-04-24,1.63,11.58,10.64,5.69,1.71,95.13,39.7,3.07,1.2
2010-05-01,1.23,13.18,2.55,-2.41,-7.1,83.14,40.85,2.48,1.04
2010-05-08,1.52,15.38,7.7,2.28,-2.58,75.85,32.36,0.86,1.27
2010-05-15,1.73,11.48,12.59,7.35,4.29,100,53.48,0.8,0.81
2010-05-22,1.27,7.91,6.9,3.99,0.84,95.54,64.74,3.69,1.18
2010-05-29,1.64,15.97,9.43,3.76,-1.01,88.12,41.16,1.37,1.2
2010-06-05,1.51,14.89,8.41,3.5,-0.44,80.15,33.21,1.28,1.04
2010-06-12,1.7,15.42,10.63,5.87,1.63,80.15,36.13,2.04,1.21
2010-06-19,1.97,16.27,12.97,7.35,2.97,88.21,39.29,2.14,0.84
2010-06-26,1.28,6.58,8.28,4.88,1.9,91.05,67.34,4.17,0.96
2010-07-03,1.01,8.6,6.84,3.15,1.14,93.98,66.28,1.71,0.99
2010-07-10,1.31,15.35,6.84,2.37,-1.56,78.89,36.41,1.18,1.27
2010-07-17,1.91,16.07,11.46,5.87,1.06,78.55,36.66,1.56,1.15
2010-07-24,1.21,11.11,7.3,3.36,-0.15,82.85,48.62,2.29,1.23
2010-07-31,2.07,14.7,12.97,7.63,2.95,83.66,41.53,0.53,0.92
2010-08-07,1.2,8.8,8.98,5.2,2.36,87.86,61.92,3.14,0.97
2010-08-14,0.97,12.75,4.38,-0.09,-3.96,81.71,49.51,3.42,1.06
2010-08-21,1.97,21.47,12.32,6.48,2.18,79.85,29.1,-0.24,1.12
2010-08-28,2.05,18.13,12.87,7.43,2.95,79.83,33.48,-0.9,1.17
2010-09-04,2.45,15.69,16.23,10.05,5.64,82.52,33.69,-0.24,1.09
2010-09-11,1.86,11.71,12.43,7.54,3.8,85.01,43.95,1.61,1.13
2010-09-18,1.25,13.56,6.41,1.94,-1.89,74.87,41.53,2.69,1.26
2010-09-25,1.38,15,7.63,2.87,-1.42,87.32,43.83,2.49,1.21
2010-10-02,1.35,11.88,7.93,3.44,-0.25,87.67,49.47,2.67,1.02
2010-10-09,1.07,10.5,6.48,2.72,-0.19,90.22,57.48,3.44,1.18
2010-10-16,1.84,16.84,12.76,7.8,4,87.56,46.57,0.17,1.21
2010-10-23,1.51,15.68,6.92,1.82,-3.38,82.88,35.11,2.18,1.65
2010-10-30,1.18,9.18,7.09,3.21,0.53,91.67,58.41,2.94,1.05
2010-11-06,1.61,14.11,9.57,4.15,0.18,86.53,40.85,2.74,1.18
2010-11-13,1.57,13.5,10.21,5.41,1.82,85.45,47.44,3.17,1.14
2010-11-20,1.36,11.32,6.43,2.23,-1.08,87.61,46.42,4.27,1.26
2010-11-27,1.54,10.62,9.64,5.41,2.01,90.55,53.3,2,0.84
2010-12-04,1.6,14.12,9.93,4.61,0.73,83.82,41.9,0.64,1.02
2010-12-11,1.46,13.09,6.42,1.41,-2.07,84.34,38.55,3.29,1.06
2010-12-18,1.36,10.3,4.36,-0.19,-3.89,85.6,51.75,3.92,0.92
2010-12-25,1.59,12.52,10.34,4.66,1.01,94.35,52.51,3.94,1.1
2011-01-01,1.55,11.86,7.84,4.04,-0.05,90.18,55.53,2.67,1.12
2011-01-08,1.57,10.9,8.97,5.44,1.9,99.7,69.98,4.14,0.82
2011-01-15,1.46,12.01,5.87,1.42,-1.99,91.98,53.41,3.61,0.86
2011-01-22,1.44,11.49,3.04,-0.86,-4.89,95.87,51.28,3.7,1.35
2011-01-29,1.51,10.96,5.32,1.71,-1.87,98.61,69.77,3.66,0.86
2011-02-05,1.48,13.31,3.23,-1.54,-6.66,72.21,29.55,1,1.73
2011-02-12,1.47,11.33,3.96,0.6,-2.81,101.24,62.44,5.46,0.82
2011-02-19,1.6,13.83,9.28,4.13,1.04,91.84,50.18,0.45,0.79
2011-02-26,1.65,13.45,10.15,5.8,2.09,74.55,38.04,2.13,0.97
2011-03-05,1.53,13.17,6.65,1.05,-3.17,80.12,43.94,1.68,0.8
2011-03-12,1.56,11.46,10.93,8.2,5.21,101.1,74.15,3.09,0.81
2011-03-19,1.66,12.94,11.59,7.78,4,74.88,38.15,1.25,1.17
2011-03-26,1.5,13.99,7.23,1.98,-1.85,79.25,37.64,0.91,1.01
2011-04-02,1.65,14.56,10.92,5.5,1.31,66.25,29.42,0.73,0.99
2011-04-09,1.94,15.67,18.27,12.3,8.11,55.41,23.09,0.42,1.2
2011-04-16,1.5,9.05,9.31,6.46,3.94,102.52,70.76,3.61,0.98
2011-04-23,1.48,15.19,6.9,2.29,-1.73,84.76,34.37,2.67,1.14
2011-04-30,1.57,12.49,9.28,4.33,0.55,87.84,44.98,2.81,1.15
2011-05-07,1.76,17.86,11.58,5.66,1.07,73.71,27.71,0.31,1.06
2011-05-14,1.18,4.28,6.34,4.23,2.75,104.28,82.65,4.88,0.66
2011-05-21,1.79,16.47,12.02,6.32,1.87,64.58,27.62,0.8,1.11
2011-05-28,1.72,14.07,11.61,6.75,3.17,87.56,40.24,2.36,1.18
2011-06-04,2.31,15.83,17.06,11.04,5.73,70.84,37.58,2.28,1.4
2011-06-11,1.92,15.77,12.1,6.57,1.36,59.44,28.07,0.94,1.62
2011-06-18,2.03,17.63,13.14,6.32,1.2,78.15,32.84,0.16,1.17
2011-06-25,1.59,10.04,10.42,5.24,2.1,85.49,44,2.08,1.11
2011-07-02,1.83,17.03,10.58,4.49,-0.57,79.91,30.2,0.58,1.29
2011-07-09,2.41,20.23,14.97,8.06,2,66.38,21.75,-0.46,1.41
2011-07-16,1.63,10.08,10.22,4.96,1.22,83.75,43.7,2.92,1.04
2011-07-23,1.98,13.32,12.6,7.4,2.91,82.83,44.09,3.74,1.24
2011-07-30,1.72,13.74,11.1,6.05,1.99,85.99,42.62,2.59,1.14
2011-08-06,1,7.47,7.01,3.46,1.02,87.94,61.96,3.97,0.91
2011-08-13,0.92,5.85,6.49,3.16,0.64,86.43,60.92,2.71,1.01
2011-08-20,1.16,9.6,7.18,3.04,-0.37,88.28,56.94,3.11,1.53
2011-08-27,1.92,16.81,10.75,5.61,0.47,75.85,29.67,0.7,1.35
2011-09-03,1.58,14.94,9.2,4.24,-0.11,78.83,36.05,2.56,1.25
2011-09-10,1.85,12.59,12.1,7.27,3.21,83.95,43.4,2.42,1.38
2011-09-17,0.91,7.4,5.02,1.4,-1.61,89.01,51.66,2.49,1.43
2011-09-24,0.83,7.94,4.18,-0.03,-2.76,85.44,47.82,2.85,0.95
2011-10-01,1.53,12.7,9.34,4.02,0.3,84.04,42.97,2.45,1.04
2011-10-08,1.32,11.92,7.59,3.09,-1.06,87.53,48.18,2.71,1.23
2011-10-15,1.83,13.92,11.78,6.49,2.22,85.5,43.62,2.17,0.84
2011-10-22,2.31,16.08,15.85,10,5.14,77.99,26,-0.62,1.04
2011-10-29,1.75,11.71,10.53,5.26,0.79,83.88,47.68,2.2,1.14
2011-11-05,1.8,11.42,12.59,7.48,3.73,84.38,46.41,2.71,0.99
2011-11-12,1.99,14.99,14.43,9.15,4.9,85.1,36.56,1.8,1.02
2011-11-19,1.59,11.6,9.9,5.5,1.52,79.45,47.3,4.09,1.24
2011-11-26,1.95,16.69,14.79,8.98,4.87,74.61,29.27,0.52,0.93
2011-12-03,2.04,17.38,15.54,8.88,4.25,77.98,22.59,3.19,1.1
2011-12-10,1.79,15.58,11.11,5.27,0.08,62.82,19.47,1.04,1.53
2011-12-17,1.59,14.02,8.33,3.16,-1.39,79.91,37.84,2.79,1.03
2011-12-24,1.42,11.44,5.81,1.61,-1.91,89.17,51.9,3.67,0.71
2011-12-31,1.68,14.44,10.96,6.11,2.02,73.2,32.22,0.82,0.77
2012-01-07,1.51,10.92,10.03,6.61,3.75,90.04,60.53,3.27,0.75
2012-01-14,1.73,15.11,12.27,6.03,1.96,57.85,19.55,0.01,0.75
2012-01-21,1.7,14.99,13.15,7.31,3.38,54.69,20.7,0.24,0.88
2012-01-28,1.74,14.06,14.75,8.95,4.44,57.73,21.42,0.12,0.96
2012-02-04,1.58,12.59,9.48,5.23,1.3,88.87,43.1,2,1.05
2012-02-11,1.58,11.14,9.52,5.51,2.02,101.04,60.64,3.97,0.76
2012-02-18,1.57,13.12,7.63,2.57,-1.99,79.67,31.01,1.38,1.29
2012-02-25,1.68,12.74,11.67,6.19,1.73,81.2,36.39,1.32,0.94
2012-03-03,1.65,13.25,11.25,3.7,-2.11,93.55,48.04,2.13,1.37
2012-03-10,1.62,12.74,10.36,6.19,2.34,93.55,38.08,3.76,1.1
2012-03-17,1.63,13.34,10.37,5.9,1.76,66.67,26.29,0.84,1.51
2012-03-24,1.66,12.7,11.35,5.51,1.02,66.59,28.29,2.76,1.19
2012-03-31,1.66,13.48,10.87,5.76,0.99,76.71,30.66,1.7,1.13
2012-04-07,1.33,12.2,1.29,-2.54,-6.01,78.37,44.92,1.2,1.2
2012-04-14,1.35,12.68,2.42,-2.07,-6.8,71.55,34.09,2.27,1.4
2012-04-21,1.53,12.04,6.59,2.39,-1.99,67.38,37.19,2.04,1.54
2012-04-28,1.75,12.32,12.17,7.58,3.13,76.48,39.09,2.73,1.1
2012-05-05,2.04,15.25,17.18,11.46,6.87,62.27,27.56,0.34,1.2
2012-05-12,1.64,11.87,10.94,5.97,2.45,82.43,44.71,3.75,0.81
2012-05-19,2.05,15.64,15.46,9.21,4.03,64.14,27.51,0.86,1.06
2012-05-26,1.69,10.26,11.74,7.1,3.75,88.72,49.48,2.99,0.81
2012-06-02,2.06,15.88,14.9,9.27,4.14,59.85,24.95,0.44,1.55
2012-06-09,1.61,10.27,10.47,6.29,2.75,88.98,52.44,3.76,1.1
2012-06-16,1.31,10.95,6.73,2.04,-1.94,85.3,45.07,3.51,0.82
2012-06-23,1.18,9.96,6.23,2.39,-0.27,89.29,51.27,3.14,0.98
2012-06-30,1.61,14.49,8.63,3.92,-0.65,82.35,42,3.16,1.27
2012-07-07,1.81,11.01,12.21,7.28,3.48,80.77,37.2,1.94,1.08
2012-07-14,1.99,14.19,12.45,7.52,2.69,83.83,39.8,1.95,1.09
2012-07-21,1.68,18.99,8.64,2.69,-2.65,75.75,21.13,1.83,1.15
2012-07-28,1.44,12.8,9.26,4.77,1.28,83.12,41.66,3.43,1.18
2012-08-04,1.74,12.33,11.23,6.01,2.21,83.7,34.05,1.46,1.03
2012-08-11,1.43,10.62,8.93,4.71,1.04,86.94,50.67,3.03,1.31
2012-08-18,1.02,9.29,5.85,2.02,-1.29,85.43,54.63,3.05,0.97
2012-08-25,1.84,11.63,12.28,7.47,3.69,84.85,42.8,2.13,0.94
2012-09-01,1.87,13.37,11.69,6.87,2.51,82.28,40.1,1.14,1.03
2012-09-08,1.69,11.15,11.23,6.76,3.11,83.68,41.63,2.42,1.01
2012-09-15,1.44,8.77,9.33,4.71,1.25,87.24,51.83,3.25,1.29
2012-09-22,1.28,12.45,7.73,3.46,-0.13,86.58,43.38,3.09,1.1
2012-09-29,1.73,15.64,10.38,5.28,0.87,75.59,32.96,0.2,0.99
2012-10-06,1.33,9.79,9,4.84,1.84,88.89,53.4,3.1,0.95
2012-10-13,1.71,13.38,10.65,5.7,1.74,83.53,39.18,2.11,1
2012-10-20,1.94,16.46,11.87,6.35,1.62,85.65,34.48,1.62,0.89
2012-10-27,2.21,15.65,15.26,9.06,4.65,84.42,35.43,3.05,1.14
2012-11-03,1.56,9.84,8.72,3.74,-0.61,82.6,46.68,3.57,0.98
2012-11-10,1.8,12.55,12,6.63,2.69,83.38,38.98,2.67,0.82
2012-11-17,1.65,13.64,9.78,4.65,0.37,77.39,37.28,3.17,1.15
2012-11-24,1.68,15.47,9.63,4.35,-0.35,85.3,40.3,2.04,0.93
2012-12-01,1.49,7.93,9.12,5.61,1.88,91.89,62.99,4.78,1.17
2012-12-08,1.51,11.62,10.21,6.35,3.24,87.69,54.02,2.79,0.81
2012-12-15,1.6,10.76,9.89,5.72,1.93,91.96,47.47,2.21,0.98
2012-12-22,1.64,12.4,10.92,6.04,2.34,79.34,44.74,4.1,0.96
2012-12-29,1.78,13.72,13.28,8.53,4.31,73.46,37.75,3.43,0.85
2013-01-05,1.35,11.2,3.03,-1.02,-4.65,95.77,52.65,3.73,0.76
2013-01-12,1.6,12.65,9.44,4.47,0.55,81.18,38.53,3.67,1.11
2013-01-19,1.6,13.23,10.88,6.05,2.59,78.85,42.41,4.5,1.33
2013-01-26,1.66,13.64,12.1,7.19,3.61,86.26,36.84,1.97,0.99
2013-02-02,1.51,10.07,8.45,5.18,2.35,98.45,63.99,4.78,1.03
2013-02-09,1.46,10.13,3.18,-1.71,-6.63,82.16,36.39,2.44,1.19
2013-02-16,1.49,11.98,4.17,-0.37,-4.7,86.47,45.35,3.83,0.96
2013-02-23,1.6,13.01,9.68,4.07,0.51,84.81,43.01,1.38,0.94
2013-03-02,1.65,13,12.27,6.78,2.06,95.34,46.39,2.27,1.07
2013-03-09,1.65,13.3,11.45,5.95,2.74,70.05,36.54,2.13,0.82
2013-03-16,1.69,13.2,13.89,9.21,5.47,78.55,37.94,1.59,1.55
2013-03-23,1.58,12,9.23,4.87,1.09,84.67,42.44,2.88,0.97
2013-03-30,1.47,9.45,5.39,2.75,0.03,97.59,66.72,4.31,1.11
2013-04-06,1.53,12.56,7.91,3.48,-0.05,85.13,45.95,2.35,1.09
2013-04-13,1.8,14.28,14.95,10.29,5.25,78.83,27.42,2.97,1.61
2013-04-20,1.4,12.79,4.5,-1.19,-5.27,76.41,34.95,3.31,0.93
2013-04-27,1.43,9.99,5.46,2.26,-0.64,87.63,55.26,3.51,0.85
2013-05-04,1.33,9.19,4.36,0.31,-2.84,89.05,50.95,3.91,1.04
2013-05-11,1.73,14.91,12.18,6.26,1.97,76.56,35.41,1.22,0.92
2013-05-18,1.5,7.32,10.34,7.15,4.87,96.37,61.68,3.04,0.47
2013-05-25,1.12,9.78,2.17,-1.79,-5.57,90.21,52.91,4.65,1.29
2013-06-01,1.34,10.81,6.86,2.45,-0.9,94.43,47.9,3.38,0.9
2013-06-08,1.12,8.5,3.9,0.67,-2.36,95.28,61.67,4.17,0.92
2013-06-15,1.33,10.31,7.38,3.16,0.49,95.84,48.16,2.17,0.86
2013-06-22,1.68,17,10.71,5.48,1.48,90.58,39.36,2.42,1.18
2013-06-29,1.7,9.61,12.14,7.65,4.53,92,52.41,3.71,1.07
2013-07-06,1.54,10.53,10.29,6.06,2.68,89.78,55.71,3.02,1.03
2013-07-13,1.81,11.8,12.61,7.21,3.4,87.19,44.49,1.52,1.07
2013-07-20,1.37,8.48,8.49,4.13,0.71,81.26,46.8,2.73,1.05
2013-07-27,1.23,8.68,7.29,3.52,0.34,89.46,50.41,4.05,1.27
2013-08-03,0.84,11.02,3.03,-0.98,-4.32,88.69,41.95,3.08,1.18
2013-08-10,0.82,9.92,4.74,1.13,-1.25,86.56,48.91,2.19,1.47
2013-08-17,1.44,11.84,8.57,3.36,-0.25,86.8,38.24,2.56,1.08
2013-08-24,1.92,16.63,11.29,6.1,1.35,80.71,38.21,-0.3,1.18
2013-08-31,1.48,9.01,9.69,5.23,1.89,88.85,47.09,3.51,1.23
2013-09-07,0.86,11.7,3.43,-1.2,-4.98,79.42,42.53,3.05,0.99
2013-09-14,1.43,12.35,9.23,4.87,1.31,81.68,41.91,1.64,0.97
2013-09-21,1.84,18.01,11.45,5.94,1.59,80.67,31.83,1.99,0.96
2013-09-28,1.78,14.52,11.53,5.9,2.16,89.44,38.95,2.38,1.07
2013-10-05,2.24,14.89,14.24,8.09,3.26,85.7,34.47,2.95,1.16
2013-10-12,2.4,19.16,14.01,8.09,2.15,76.61,25.83,2.4,0.96
2013-10-19,1.84,13.06,11.91,6.61,2.57,81.53,32.75,2.78,1.07
2013-10-26,1.63,14.02,10.13,5.08,1.02,83.36,40.76,2.91,1.07
2013-11-02,1.32,13.23,7.45,2.63,-0.92,85.27,43.29,3.5,1
2013-11-09,1.53,16.78,9.37,4.1,0.39,83.77,39.76,1.95,0.74
2013-11-16,1.84,14.69,13.02,7.91,3.98,86.38,43.7,1.91,0.92
2013-11-23,1.31,9.11,6,1.99,-2.06,86.67,45.71,3.14,1.12
2013-11-30,1.79,17.5,10.67,4.34,-0.46,75.59,20.87,2.07,1.04
2013-12-07,1.38,8.59,10.07,6.73,4.19,92.11,62.42,3.6,1.11
2013-12-14,1.36,9.17,8.14,4.87,1.98,89.98,62.12,0.91,0.87
2013-12-21,1.33,9,7,3.01,0.38,94.11,57.9,4.63,0.98
2013-12-28,1.69,14.24,11.46,6.33,2.34,81.2,33.84,1.47,0.96
2014-01-04,1.58,10.76,11.28,7.31,4.12,99.46,64.47,3.49,0.96
2014-01-11,1.42,9.51,8.37,5.46,2.77,100.63,66.51,3.65,1.5
2014-01-18,1.64,11.71,10.16,5.15,1.47,89.9,42.25,3.01,1.32
2014-01-25,1.66,12.76,11.82,6.03,2.19,91.85,44.55,3.66,0.86
2014-02-01,1.52,9.88,6.61,2.49,-1.28,98.55,57.27,4.47,1.25
2014-02-08,1.57,14.51,7.52,1.64,-3.15,69.3,23.13,0.12,1.4
2014-02-15,1.73,14.03,12.98,7.43,2.54,51.44,12.82,0.47,1.6
2014-02-22,1.73,13.16,15.38,9.22,5.47,80.47,32.35,1.59,0.68
2014-03-01,1.63,12.72,12.04,7.57,4.38,88.67,50.58,1.57,0.65
2014-03-08,1.52,11.12,8.77,5.31,2.69,108.48,78.11,5.09,1.31
2014-03-15,1.55,13.19,6.95,2.1,-0.81,89.55,37.04,2.13,0.97
2014-03-22,1.59,11.64,10.55,6.21,3.06,100.26,62.94,4.85,0.63
2014-03-29,1.63,12.55,11.84,7.57,4.21,96.24,48.58,3.71,0.95
2014-04-05,1.6,10.61,11.42,7.14,4.65,105.59,69.01,4.73,0.42
2014-04-12,1.56,12.35,8.54,4.08,0.79,96.56,47.52,3.86,0.94
2014-04-19,1.5,6.35,7.02,1.77,-2.75,101.58,57.92,5.87,0.47
2014-04-26,1.59,8.5,9.01,4.94,0.59,106.1,64.21,4.27,0.95
2014-05-03,1.61,10.75,10.54,5.24,1.06,106.8,58.62,4.51,1.11
2014-05-10,1.58,12.4,9.74,4.96,0.93,99.48,57.37,4.39,0.86
2014-05-17,1.52,9.22,8.74,4.82,1.38,100.27,53.13,3.51,0.75
2014-05-24,1.93,17.39,14.62,8.62,4.36,63,27.14,0.31,1.11
2014-05-31,1.97,16.53,15.36,10.18,5.92,67.85,28.79,0.86,1.36
2014-06-07,1.44,9.16,8.31,4.9,1.63,95,56.19,4.49,1.01
2014-06-14,1.75,16.72,11.14,5.62,1.35,78.42,31.24,0.62,0.93
2014-06-21,1.75,11.97,12.8,8.41,5.12,88.55,45.44,2.04,0.76
2014-06-28,1.66,15.41,10.59,5.81,1.83,81.01,34.5,0.72,1.34
2014-07-05,1.29,11.32,7.3,3.16,-0.35,85.86,47.13,3.66,1
2014-07-12,1.47,10.9,10.12,6.09,3.07,85.64,50.43,3.16,0.7
2014-07-19,1.63,15.91,9.56,4.61,0.26,82.34,36.34,1.75,1.05
2014-07-26,1.52,12.96,8.52,3.42,-0.74,91.69,43.52,3.39,1.09
2014-08-02,1.36,15.48,7.48,3.05,-0.82,71.18,35.56,0.22,1.48
2014-08-09,1.48,12.15,9.3,4.93,1.21,90.55,50.66,2.54,0.9
2014-08-16,1.45,13.99,8.03,3.03,-1.21,77.99,36.77,1.39,0.9
2014-08-23,2.37,20.2,14.24,7.86,2.61,84.94,27.67,2.37,1.05
2014-08-30,1.52,13.16,9.78,5.13,1.68,89.29,35.92,1.63,1.01
2014-09-06,1.48,13.67,8.45,3.46,-0.71,87.85,39.8,2.86,1.13
2014-09-13,0.8,6.63,4.86,1.57,-1.22,92.14,59.38,2.95,1.06
2014-09-20,1.35,10.06,7.97,3.53,-0.38,90.54,54.05,3.22,0.9
2014-09-27,1.01,10.18,6.08,2.43,-0.71,87.24,48.69,2.52,0.76
2014-10-04,1.57,12.4,10.6,6.18,2.56,89.01,43.66,2.88,0.85
2014-10-11,0.76,6.42,6.21,3.48,1.35,90.44,61.53,2.96,0.72
2014-10-18,1.24,9.03,7.97,3.32,0.48,89.89,49.97,3.25,0.92
2014-10-25,1.62,11.84,10.19,5.41,1.47,90.24,49.04,2.35,1.04
2014-11-01,0.81,7.97,4.3,0.99,-1.68,86.5,53.76,2.67,1.12
2014-11-08,0.86,7.42,3.83,0.66,-2.16,88.56,57.71,2.83,1.03
2014-11-15,1.33,11.63,7.99,3.89,0.56,86.17,45.54,2.69,1.26
2014-11-22,1.67,10.39,11.59,6.35,3.06,89.81,44.27,2.8,0.84
2014-11-29,1.51,12.86,9.15,3.89,0.41,90.53,41.42,2.27,1.1
2014-12-06,1.41,11,9.04,5.25,1.75,90.3,52.3,2.28,1.14
2014-12-13,1.85,16.33,12.25,6.35,1.72,88.03,36.27,0.52,1.1
2014-12-20,1.62,13.09,10.24,5.62,1.72,90.55,44.16,2.38,0.84
2014-12-27,1.51,8.57,11.16,7.89,5.02,95.82,72.62,4.13,1.03
2015-01-03,1.83,13.79,14.63,9.77,5.51,94.2,43.41,1.9,1.01
2015-01-10,1.53,14.24,8.08,3.14,-0.89,81.6,29.61,2.25,1.59
2015-01-17,1.69,15.02,11.9,6.34,2.25,81.49,35.37,2.5,1.27
2015-01-24,1.4,8.01,10.01,8.07,5.97,99.33,86.39,4.87,1.15
2015-01-31,1.47,9.81,8.92,6.35,3.81,104.27,72.84,4.02,0.86
2015-02-07,1.74,14.67,14.45,8.68,4.48,80.4,40.41,0.24,0.71
2015-02-14,1.61,11.47,11.95,8.77,5.84,106.59,77.28,3.78,0.66
2015-02-21,1.57,12.8,10.11,6.64,3.46,101.02,62.96,3.29,1.03
2015-02-28,1.55,12.21,10.11,6.66,3.62,92.76,58.35,3,0.66
2015-03-07,1.74,13.14,15.51,10.05,5.56,79.39,31.58,1.38,1.22
2015-03-14,1.54,12.65,6.95,2.52,-1.19,79.48,31.54,1.97,1.37
2015-03-21,1.55,13.03,7.25,3.9,-0.91,84.55,44.04,2.13,1.97
2015-03-28,1.73,13.38,14.06,8.73,4.2,74.12,30.36,1.36,1.28
2015-04-04,1.75,12.75,13.8,8.7,3.66,88.24,30.72,2.51,1.51
2015-04-11,1.58,11.57,9.28,5.18,1.95,101.16,61.43,4.07,0.41
2015-04-18,1.54,13.31,8.41,4.06,0.85,85.99,43.37,1.87,1.28
2015-04-25,1.46,12.51,5.59,0.49,-2.95,82.65,39.92,2.49,0.82
2015-05-02,1.61,11.97,10.22,5.93,2.04,80.84,43.52,3.4,1.26
2015-05-09,1.63,12.76,10.62,6.24,2.57,92.95,50.19,1.78,0.7
2015-05-16,1.52,10.92,8.77,5.08,2.04,92.33,45.09,3.57,1.12
2015-05-23,1.57,12.15,9.42,4.96,1.42,91.7,45.84,2.1,0.84
2015-05-30,1.82,16.29,12.61,7.19,2.7,54.71,23.43,0.31,1.5
2015-06-06,1.41,9.64,7.83,3.78,0.86,96.42,54.08,3.36,0.73
2015-06-13,1.46,9.1,9.19,5.32,2.67,102.86,59.33,3.86,0.63
2015-06-20,1.61,11.71,10.08,5.27,1.45,84.56,40.24,3.59,1.63
2015-06-27,1.4,16.11,6.34,1.41,-3.08,81.41,28.3,1.27,1.5
2015-07-04,2.22,17.93,15.87,9.43,4.41,75.72,26.21,0.43,1.18
2015-07-11,1.99,16.74,12.73,6.97,1.4,75.72,28.7,0.34,1.15
2015-07-18,1.6,12.29,10.03,5.16,1.2,94.78,45.71,2.25,1.21
2015-07-25,1.57,8.65,11.05,6.99,3.77,92.62,57.2,2.15,0.93
2015-08-01,2.19,16.58,14.2,8.39,3.61,85.4,31.95,1.78,0.98
2015-08-08,1.73,10.55,12.04,7.47,3.75,94.03,53.84,3.5,0.91
2015-08-15,0.91,8.41,4.99,1.26,-1.44,83.83,46.38,2.2,0.65
2015-08-22,1.81,12.39,11.1,5.86,1.28,93.85,44.48,2.39,0.67
2015-08-29,2.23,14,14.61,8.76,4.52,88.51,39.24,2.71,0.69
2015-09-05,0.92,7.09,7.42,4.15,1.99,91,61.35,3.29,0.41
2015-09-12,1.03,11.03,5.92,1.31,-1.86,82.57,41.8,2.29,0.4
2015-09-19,1.73,17.3,10.32,5.11,0.71,88.09,38.22,0.3,0.42
2015-09-26,2.42,14.05,16.29,10.11,5.93,87.11,34.2,1.64,0.4
2015-10-03,2.28,19.41,14.09,7.94,2.89,87.67,26.26,1.99,0.69
2015-10-10,2.18,12.16,14.7,9.38,5.12,88.16,41.81,2.09,0.71
2015-10-17,1.62,10.86,10.54,5.94,2.18,91.3,47.24,3.02,1.1
2015-10-24,1.54,12.93,9.67,4.85,1.15,90.75,46.4,2.71,0.99
2015-10-31,2.02,15.76,14.11,8.83,4.91,78.53,36.61,2.27,0.9
2015-11-07,1.17,8.7,8.13,4.28,1.89,86.22,49.62,3.1,0.87
2015-11-14,0.94,7.83,5.9,2.74,0.34,90.13,59.86,2.23,0.96
2015-11-21,2.03,17.64,13.98,8.75,4.4,85.6,36.82,0.74,1.05
2015-11-28,1.41,12.55,7.06,2.25,-1.95,85.24,43.7,2.62,1.17
2015-12-05,1.38,10.07,7.44,3.31,-0.4,91.39,58.56,3.7,1.18
2015-12-12,1.59,11.17,9.46,4.92,0.91,91.68,59.35,3.13,1.29
2015-12-19,1.55,14.55,8.61,3.23,-0.78,78.11,37.67,0.99,1.13
2015-12-26,1.52,10.32,9.12,4.72,1.14,89.55,47.73,2.69,0.84
2016-01-02,1.37,8.82,8.43,5.18,2.49,94.39,58.47,4.41,0.86
2016-01-09,1.37,10.95,5.84,1.47,-2.07,89.48,53.55,3.57,0.9
2016-01-16,1.73,15.04,12.28,6.47,2.53,67.89,20.75,0.2,0.91
2016-01-23,1.72,14.76,13.57,8.11,4.42,66.35,23.37,2.12,0.92
2016-01-30,2.01,15.31,20.11,13.02,8.67,63.18,17.96,-0.4,1
2016-02-06,1.9,14.02,17.41,11.7,6.69,59.56,18.12,0.01,1.15
2016-02-13,1.59,12.96,9.31,3.79,-0.18,75.69,18.7,0.94,1.21
2016-02-20,1.7,13.39,12.41,7.08,2.34,66.59,20.71,0.31,1.6
2016-02-27,1.74,13.68,14.71,9,4.9,57.73,21.82,0.47,0.78
2016-03-05,1.73,13.07,14.98,9.39,5.33,54.61,17.21,1,0.85
2016-03-12,1.78,12.98,16.8,11.48,7.78,79.24,38.01,1.38,0.87
2016-03-19,1.72,13.27,15.65,10.45,7.06,59.34,26.54,0.45,0.81
2016-03-26,1.65,12.48,10.55,7.9,3.79,61.55,33.04,2.13,0.77
2016-04-02,1.57,12.42,9.56,5.39,2.6,94.98,51.79,2.46,0.79
2016-04-09,1.58,11.5,8.88,5.19,1.66,96.67,56.44,3.94,1.01
2016-04-16,1.51,13.9,6.23,0.35,-4.22,73.88,28.29,0.66,1.1
2016-04-23,1.8,13.81,15.97,10.36,6.05,75.42,35.09,0.91,0.84
2016-04-30,1.74,12.53,14.05,9.73,5.79,99.22,36.64,2.79,1.25
2016-05-07,1.54,11.12,8.9,5.43,2.2,100.55,60.52,3.76,0.89
2016-05-14,1.51,8.85,8.59,5.1,2.13,108.8,64.47,4.09,0.74
2016-05-21,1.72,13.68,11.76,6.79,2.53,94.48,40.09,2.2,0.99
2016-05-28,1.44,9.15,8.11,4.69,2.25,103.7,62.56,4.38,0.85
2016-06-04,1.37,8.15,6.28,2.85,-0.21,96.43,66.14,4.12,0.84
2016-06-11,1.42,10.17,7.64,2.88,-0.5,90.42,44.22,2.89,0.73
2016-06-18,1.69,17.61,11.06,5.62,1.96,77.72,31.33,0.8,0.98
2016-06-25,1.51,11.16,9.6,5.42,2.3,97.42,49.24,0.62,0.88
2016-07-02,1.94,9.86,14.26,9.36,5.78,94.7,51.44,2.78,0.8
2016-07-09,1.69,12.1,11.27,6.67,2.93,96.58,51.93,3.71,0.92
2016-07-16,1.75,11.94,11.5,6.67,2.42,92.86,46.41,3.37,1.38
2016-07-23,1.01,10.32,3.5,0.08,-3.57,84.64,45.57,3.52,1.13
2016-07-30,1.4,12.98,7.62,3.21,-0.79,76.77,37.63,1.72,0.99
2016-08-06,1.21,6.73,7.59,3.9,0.79,85.98,55.95,3.01,0.76
2016-08-13,1.22,11.37,7.01,2.67,-0.59,86.75,40.99,1.92,0.88
2016-08-20,1.72,13.13,10.43,5.13,0.88,87.69,41.23,2.5,1.08
2016-08-27,1.12,6.45,8.3,4.68,2.36,95.28,67.05,3.51,0.84
2016-09-03,1.31,9.17,8.67,4.31,1.32,89.8,49.96,3,0.68
2016-09-10,1.04,9.89,6.1,2.36,-0.96,91,55.63,3.23,1.08
2016-09-17,1.43,11.11,8.54,3.67,0.13,90.14,45.66,2.32,0.88
2016-09-24,1.59,12.29,10.18,5.48,1.81,91.42,48.81,3.1,1.03
2016-10-01,1.49,12.17,10.13,5.41,2.15,90.83,45.91,1.86,0.9
2016-10-08,1.55,9.81,10.32,5.9,2.32,90.81,53.54,3.11,0.95
2016-10-15,1.68,17.48,9.77,4.7,0.24,77.16,37.66,0.84,1.03
2016-10-22,1.29,6.38,9.63,5.31,2.94,88.44,51.96,1.98,0.63
2016-10-29,1.2,8.77,8.34,4.54,1.73,91.18,56.83,2.84,0.82
2016-11-05,1.41,12.47,7.41,2.46,-1.7,83.95,41.04,3.49,0.96
2016-11-12,1.8,14.23,10.81,5,0.69,86.22,36.48,2.43,0.92
2016-11-19,1.81,16.02,10.93,5.36,0.51,84.42,42.71,2.55,0.99
2016-11-26,1.93,14.92,13.65,8.01,4.35,91.17,43.25,2.78,0.85
2016-12-03,1.93,16.16,12.59,7.31,2.65,83.38,34.27,1.96,1.04
2016-12-10,1.75,12.84,13.2,8.15,5.05,85.96,40.71,1.87,0.75
2016-12-17,1.45,9.99,8.48,4.31,1.02,91.73,48.87,3.85,0.61
2016-12-24,1.85,16.58,12.79,6.95,2.68,93.18,33.27,1.31,0.74
2016-12-31,1.61,15.76,9.42,3.89,-0.42,81.69,32.87,2,0.93
2017-01-07,1.29,10.53,4.27,0.07,-3.21,89.54,42.47,2.72,0.56
2017-01-14,1.54,9.13,9.53,5.54,2.21,96.05,59.69,4.28,0.68
2017-01-21,1.43,9.89,7.35,3.74,0.68,100.03,61.33,3.29,0.61
2017-01-28,1.82,15.89,13.17,6.84,1.95,76.92,22.65,-0.28,0.8
2017-02-04,1.51,12.14,6.16,1.5,-2.72,92.61,47.68,3.25,0.64
2017-02-11,1.57,13.2,8.35,3.38,-0.96,83.13,33.12,1.1,0.66
2017-02-18,1.57,10.48,10.63,7.46,4.51,103.98,81.7,2.94,0.64
2017-02-25,1.67,12.89,11.81,6.83,1.94,80.45,37.28,1.88,0.95
2017-03-04,1.66,13.96,12.14,6.62,2.21,56.87,20.67,0.47,0.95
2017-03-11,1.78,13.56,15.69,10.02,5.82,60.9,24.35,1,0.85
2017-03-18,1.64,12.86,11.93,7.42,3.85,73.39,32.87,1.38,0.75
2017-03-25,1.75,13.12,15.18,9.67,4.73,67.05,21.11,0.45,1.47
2017-04-01,1.65,13.01,14.4,9.5,6.69,47.55,22.04,2.13,0.92
2017-04-08,1.57,13.24,8.19,2.85,-1.83,66.12,19.08,0.89,1.46
2017-04-15,1.52,12.67,6.08,0.55,-4.42,85.96,39.58,2.35,1.01
2017-04-22,1.51,14.27,5.8,1.14,-2.44,67.31,34.43,0.66,1.21
2017-04-29,1.63,15,11.41,6.16,2.96,57.13,27.95,0.91,0.8
2017-05-06,1.52,10.21,9.79,6.92,4.65,100.51,72.07,3.18,0.76
2017-05-13,1.54,10.26,8.73,5.43,2.41,102.69,59.09,3.36,0.7
2017-05-20,1.78,14.29,13.96,8.33,4.4,84.52,38.05,1.09,0.81
2017-05-27,1.78,14.1,12.74,7.38,2.84,83.33,36.52,2.25,1.1
2017-06-03,1.59,12.3,10.45,6.53,2.97,92.41,50.84,3.59,1.21
2017-06-10,1.7,13.82,11.11,6.66,2.4,84.14,38.85,2.28,1.41
2017-06-17,1.95,15.06,14.63,8.82,4.36,67.28,28.79,0.86,1.17
2017-06-24,1.8,9.04,13.51,9.72,6.22,98.43,58.48,2.36,1.13
2017-07-01,2.03,15.35,14.91,8.82,4.18,84.56,37.81,1.03,1.02
2017-07-08,1.84,11.64,12.44,7.26,3.25,80.98,43.16,3.07,0.96
2017-07-15,2.18,14.91,15.33,9.27,4.2,93.01,31.79,2.61,1.18
2017-07-22,1.35,15.39,6.16,1.16,-3.68,70.43,25.41,1.49,1.64
2017-07-29,1.14,10.18,5.99,2.24,-1.19,89.49,61.43,3.84,1.34
2017-08-05,1.27,12.32,6.94,2.42,-1.12,91.19,46.77,3.02,0.89
2017-08-12,1.38,11.95,8.46,4.05,0.61,85.98,43.8,2.39,1.11
2017-08-19,1.99,12.65,13.05,7.4,3.28,89.46,38.99,2.7,1.14
2017-08-26,2.11,16.81,12.92,6.97,1.93,76.41,27.81,-0.43,1.07
2017-09-02,2.11,12.03,14.68,8.81,5.26,95.28,40.34,2.68,0.9
2017-09-09,1.76,14.81,10.33,4.97,0.25,87.8,39.81,2.59,1.08
2017-09-16,2.28,17.74,14.43,8.63,3.94,85.29,30.06,2.51,1.16
2017-09-23,2.41,17.28,14.85,8.61,3.61,92.99,32.23,2.71,1.1
2017-09-30,0.97,7.1,6.53,2.78,0.04,92.42,62.1,3.87,1
2017-10-07,1.96,16.2,11.84,6.43,1.79,87.26,34.48,1.7,1.04
2017-10-14,1.57,12.63,10.33,5.98,2.31,88.09,46.97,3.37,1.13
2017-10-21,1.67,13.73,10.34,5.47,1.3,88.73,44.52,2.83,1.03
2017-10-28,1.52,10.86,8.2,3.74,-0.79,83.16,45.53,2.49,0.99
2017-11-04,2.18,15.2,14.4,9.15,4.54,87.32,40.55,1.76,1.08
2017-11-11,1.69,11.82,10.06,4.61,0.15,92.67,48.32,3.19,1.32
2017-11-18,1.69,11.99,10.71,5.96,1.89,87.79,44.48,2.17,0.98
2017-11-25,1.78,16.12,10.55,4.77,0.21,85.13,31.29,2.65,1.13
2017-12-02,1.95,12.38,12.58,6.85,2.35,88.31,36.11,3.1,1.22
2017-12-09,1.5,12.81,8.67,3.91,0.16,89.34,40.79,2.09,1.13
2017-12-16,1.02,6.33,4.34,1.52,-1.7,91.82,67.99,4.17,1.11
2017-12-23,1.29,11.57,5.97,1.57,-1.83,83.16,35.73,1.8,1.09
2017-12-30,1.52,10.99,9.12,4.68,1.22,92.32,47.42,3.07,0.83
2018-01-06,1.58,14.93,9.11,4.24,-0.18,82.98,37.87,1.91,1.01
2018-01-13,1.8,15.06,12.11,6.08,1.43,79.99,24.81,0.45,1.08
2018-01-20,1.84,15.72,14.52,8.96,4.7,65.54,27.21,0.14,0.98
2018-01-27,1.73,12.85,11.12,5.86,0.63,65.89,27.33,2.12,1.45
2018-02-03,1.69,14.01,10.59,4.95,0.12,72.92,24.22,-0.28,1.24
2018-02-10,1.48,11.78,7.64,3.07,0,96.9,54.53,4.05,0.74
2018-02-17,1.54,13.86,7.85,3.15,-0.76,83.56,32.27,2.4,1.42
2018-02-24,1.67,13.98,10.97,5.32,0.34,78.12,30.84,1.85,1.12
2018-03-03,1.5,11.88,4.39,-0.37,-4.96,83.59,37.99,2.3,1.1
2018-03-10,1.6,13.61,8.34,2.8,-2.03,75.73,27.39,2,1.13
2018-03-17,1.55,12.45,6.98,2.69,-1.47,105.04,61.21,4.92,1.19
2018-03-24,1.58,12.89,7.71,3.27,-0.91,79.24,41.15,1.38,1.02
2018-03-31,1.61,12.51,9.14,4.64,0.39,90.05,49.54,4.16,0.94
2018-04-07,1.85,13.63,17.35,8.5,3.19,114.55,45.04,2.13,0.67
2018-04-14,1.56,11.16,9.64,6.45,3.27,107.98,63.65,3.65,0.76
2018-04-21,1.52,12.4,8.2,4.73,1.78,100.39,68.58,4.59,0.74
2018-04-28,1.58,12.79,8.33,3.74,-0.22,103.02,39.01,2.88,1.26
2018-05-05,1.75,14.41,14.52,8.64,4.93,90.59,43.3,0.91,0.89
2018-05-12,1.53,11.5,8.62,5.22,2.38,92.37,56.07,3.36,0.92
2018-05-19,1.53,13.41,8.26,3.87,0.37,93.12,44.24,0.75,0.79
2018-05-26,1.48,11.6,7.82,3.17,-0.46,95.23,43.76,2.74,0.94
2018-06-02,1.46,12.53,6.96,2.53,-1.36,92.05,46.09,1.4,1.04
2018-06-09,1.24,12.2,2.74,-1.69,-5.29,83.7,46.56,2.17,0.81
2018-06-16,1.45,8.87,8.62,5.23,2.56,102,64,3.69,0.57
2018-06-23,1.27,7.61,6.94,3.86,2.02,108.42,64.79,3.95,0.63
2018-06-30,1.34,16.04,5.56,0.65,-3.75,77,39.76,1.49,0.94
2018-07-07,1.18,8.51,6.18,3.17,0.88,94.56,59.09,4.17,0.89
2018-07-14,1.61,13.93,10.31,5.46,1.73,92.27,46.16,2.66,0.7
2018-07-21,1.52,8.23,9.79,5.26,2.23,98.44,56.93,4.3,0.81
2018-07-28,2.3,19.09,16.83,10.79,6.29,74.15,30.56,1.59,0.98
2018-08-04,1.98,11.45,14.12,8.67,4.96,95.35,46.14,2.16,0.81
2018-08-11,1.79,11.27,11.46,6.79,2.55,90.39,44.89,2.43,0.84
2018-08-18,1.55,8.97,10.89,6.17,3.18,93.26,52.52,2.51,0.69
2018-08-25,1.35,8.69,8.45,3.8,0.94,94.18,55.84,3.47,0.55
2018-09-01,1.61,10.34,10.79,6.24,2.68,94.26,50.38,3.01,0.67
2018-09-08,1.87,10.09,12.61,7.65,3.85,95.28,54.34,3.02,0.8
2018-09-15,2,12.04,12.96,6.98,3.01,91.37,40.24,2,0.81
2018-09-22,1.72,13.26,10.53,4.99,0.71,83.71,39.21,2.15,0.8
2018-09-29,1.76,16.2,9.98,4.51,-0.33,81.71,37.51,2.72,0.88
2018-10-06,1.63,14.25,9,3.85,-0.99,72.99,36.81,0.11,0.95
2018-10-13,1.36,8.99,8.94,3.96,0.93,85.54,52.34,3.68,0.74
2018-10-20,1.64,13.88,10.28,5.03,1.09,87.81,46.26,3.12,0.78
2018-10-27,1.48,11.21,9.74,4.58,1.29,87.3,45.95,3.42,0.68
2018-11-03,1.96,16.51,12.27,6.91,2.5,87.16,35.53,0.2,0.92
2018-11-10,2.3,16.66,15.31,8.81,4.55,87.61,33.55,2.56,0.85
2018-11-17,1.78,10.04,11.72,6.67,2.82,92.67,50.61,2.47,0.76
2018-11-24,1.76,14.07,11.33,5.78,1.81,87.65,41.48,2.26,0.88
2018-12-01,1.68,10.24,9.88,3.99,-0.06,90.13,49,4.23,0.89
2018-12-08,1.48,11.4,9.03,4.24,0.62,85.17,51.25,3.32,0.75
2018-12-15,1.56,10.02,10.07,5.4,1.86,91.67,49.7,2.05,0.59
2018-12-22,1.92,14.55,13.71,8.39,4.35,88.67,38.56,2.38,0.77
2018-12-29,1.87,13.06,14.23,8.91,5.14,92.02,44.87,1.8,0.79
2019-01-05,1.89,17.62,12.08,5.64,0.12,75.03,24.99,2.52,0.97
2019-01-12,1.74,14.29,10.82,4.74,0.14,83.41,31.02,2.14,0.77
2019-01-19,1.87,13.14,13.8,7.54,3.22,89.82,39.19,0.64,0.62
2019-01-26,1.83,12.91,13.73,7.87,3.3,86.48,36.41,0.48,0.83
2019-02-02,1.75,12.24,11.94,7.01,2.11,77.46,37.33,4.79,1.44
2019-02-09,1.52,9.14,8.62,4.51,1.37,101.77,65.08,4.97,0.87
2019-02-16,1.52,10.61,10.34,7.02,4.03,99.33,70.96,2.55,0.57
2019-02-23,1.67,14.08,11.21,5.58,1.66,88.7,37.84,0.01,0.75
2019-03-02,1.56,11.69,8.87,3.76,0.44,100.12,55.41,3.18,0.58
2019-03-09,1.63,13.23,9.97,4.63,0.4,77.3,27.99,0.12,0.83
2019-03-16,1.68,13.28,12.4,6.57,2.57,103.73,38.24,3.11,0.83
2019-03-23,1.5,13.24,5.32,0.44,-3.47,78.04,37.38,1.34,0.92
2019-03-30,1.67,13.04,12,5.88,2.19,85.96,39.87,2.61,0.81
2019-04-06,1.72,13.14,13.85,7.94,3.24,64.34,22.54,2.09,1.2
2019-04-13,1.65,12.51,12.05,8,3.69,78.55,51.04,2.13,1.07
2019-04-20,1.65,12.74,10.15,4.49,-0.34,76.98,32.22,1.36,1.45
2019-04-27,1.56,12.52,8.13,3.4,-0.71,82.82,30.72,1.99,1.37
2019-05-04,1.54,13.61,8.3,3.84,0.4,86.88,43.58,1.69,0.84
2019-05-11,1.56,11.68,7.54,2.59,-1.97,90.99,42.95,2.97,0.67
2019-05-18,1.44,8.71,6.02,2.38,-0.82,100.65,66.92,5.11,0.39
2019-05-25,1.68,13.25,12.63,6.3,2.56,89.12,37.38,1.8,0.72
2019-06-01,1.97,15.82,17.92,10.44,6.37,55.23,27.9,1.09,0.71
2019-06-08,1.92,16.52,16.07,9.92,5.66,62.05,24.09,0.81,0.79
2019-06-15,1.96,13.97,16.21,10.38,5.78,67.7,29.13,1.3,0.75
2019-06-22,1.7,12.68,11.88,7.48,3.76,92.86,43.57,2.76,1.01
2019-06-29,1.6,12.33,9.43,4.72,0.35,90.14,37.93,2.94,1.03
2019-07-06,2.04,17.25,14.45,7.67,2.05,57,23.76,0.8,0.7
2019-07-13,1.89,17.81,12.88,6.08,1,58.56,21.24,0.44,0.8
2019-07-20,1.3,6.26,8.16,4.52,2.41,100.12,67.01,4.69,0.54
2019-07-27,1.32,8.29,8.43,4.23,1.87,96.72,55.21,3.4,0.44
2019-08-03,1.98,17.32,13.26,7.03,2.46,80.86,29.99,0.16,0.55
2019-08-10,1.13,7.92,6.35,2.36,-0.29,95.35,63.57,4.02,0.71
2019-08-17,1.37,14.9,6.69,1.58,-2.46,81.05,36.92,3.17,0.6
2019-08-24,1.04,9.83,5.23,0.72,-2.54,86.69,47.95,3.03,0.79
2019-08-31,0.99,8.92,5.16,1.4,-1.59,84.6,54.56,2.98,0.41
2019-09-07,1.37,10.36,8.5,3.82,0.46,86.41,45.52,2.74,0.34
2019-09-14,1.87,15.88,10.61,5.23,0.35,78.85,38.62,2.74,0.64
2019-09-21,2.17,17.7,13.5,7.77,2.94,88.94,34.24,1.75,0.86
2019-09-28,2.07,17,12.7,7.32,2.61,84.86,34.35,1.72,1.07
2019-10-05,1.57,10.5,9.86,4.97,1.2,92.57,49.37,3.1,0.4
2019-10-12,2.67,17.01,17.12,10.87,6.01,79.85,30.38,2.22,0.95
2019-10-19,2.09,13.64,12.76,6.58,1.95,84.4,34.05,2.6,1.24
2019-10-26,1.48,10.92,8.56,3.07,-0.91,87.09,36.54,2.18,0.96
2019-11-02,1.74,13.67,10.43,5,0.73,91.73,42.95,3.01,1.01
2019-11-09,1.86,11.36,12.58,7.03,3.42,90.87,47.53,3.87,1.05
2019-11-16,1.58,12.33,9.59,4.61,0.68,89.61,43.69,2.94,1.08
2019-11-23,1.67,10.83,11.49,7,3.42,92.67,54.75,2.56,1.12
2019-11-30,1.59,15.37,9.4,4.45,0.35,89.65,42.62,1.8,1.24
2019-12-07,1.36,7.88,9.85,5.33,2.87,90.13,54.14,3.07,1.2
2019-12-14,1.61,9.76,11.41,6.89,3.75,87.17,48.68,2.28,0.95
2019-12-21,1.34,11.67,7.57,3.18,-0.08,87.24,46.55,3.64,1.14
2019-12-28,1.91,17.04,12.64,6.91,2.24,84.82,37.99,-0.37,1.15
2020-01-04,1.68,13.69,10.76,5.6,1.57,90.73,40.58,2.61,1.21
2020-01-11,1.7,12.03,11.15,6.2,2.22,91.46,49.7,2.38,1.11
2020-01-18,1.62,13.82,8.91,3.35,-0.92,85.55,30.59,2.51,1.38
2020-01-25,1.67,14.87,10.73,5.35,1.05,93.82,43.9,2.87,1.22
2020-02-01,1.53,10.09,10.77,7.04,4.13,97.34,67.84,3.62,1.16
2020-02-08,1.79,13.76,14.48,9.01,5.23,85.46,38.9,1.58,0.94
2020-02-15,1.42,10.27,7.87,4.58,1.92,101.77,76.51,3.85,0.87
2020-02-22,1.44,10.77,5.91,2.21,-1.45,96.9,62.53,3.9,0.92
2020-02-29,1.44,8.96,5.84,2.03,-1.24,104.27,73.27,5.52,0.98
2020-03-07,1.5,10.87,8.91,5.42,2.88,103.98,72.41,4.28,0.78
2020-03-14,1.64,12.74,11.15,5.7,1.57,93.79,45.11,2.48,1.05
2020-03-21,1.71,14.07,12.71,5.56,1.17,66.87,24.67,0.47,0.98
2020-03-28,1.61,12.47,9.61,4.71,-0.04,84.04,38.5,2.48,1.09
2020-04-04,1.53,10.87,10.43,8.18,5.23,109.39,80.44,5.25,1.37
2020-04-11,1.66,13.51,11.68,5.57,1.31,77.05,28.11,1.23,1.31
2020-04-18,1.75,13.74,16.15,10.6,7.59,66.55,34.04,2.13,1.17
2020-04-25,1.75,13.43,15.31,8.65,4.74,62.12,26.08,0.89,1.09
2020-05-02,1.75,13.65,14.03,6.95,2.59,62.53,26.87,0.66,0.81
2020-05-09,1.66,13.56,11.7,5.82,1.49,74.59,34.43,1.35,1.06
2020-05-16,1.73,12.91,14.99,8.88,5.86,84.85,34.95,2.48,0.93
2020-05-23,1.83,14.09,15.76,9.53,5.08,84.51,35.49,2.26,1.67
2020-05-30,1.71,14.44,12.37,6.85,2.47,76.69,28.09,0.75,1.45
2020-06-06,1.73,13.9,12.32,7.34,3.47,89.38,36.19,1.56,1.15
2020-06-13,1.91,14.1,14.33,8.72,3.39,81.19,33.95,1.4,1.43
2020-06-20,1.44,9.37,6.89,4.01,0.8,94.7,48.13,4.24,1.45
2020-06-27,1.56,12.69,9.01,3.83,-0.04,90.28,39.85,2.82,1.03
2020-07-04,1.75,14.06,12.05,6.74,2.41,85.91,41.48,2.47,0.88
2020-07-11,1.73,14.5,11.19,5.96,1.29,85,35.48,2.9,0.97
2020-07-18,1.35,9.82,5.7,1.18,-3.43,84.42,45.24,3.53,1.13
2020-07-25,1.83,19.58,11.53,4.92,-0.57,66.41,28.01,-0.12,1.02
2020-08-01,2.14,18.98,14.79,8.71,3.64,62.58,23.21,0.25,1.16
2020-08-08,2.1,13.37,14.49,8.52,3.6,80.72,37.84,1.68,0.95
2020-08-15,1.84,14.94,11.97,6.46,2,77.92,35.57,1.57,1.07
2020-08-22,1.67,14.74,9.88,4.36,-0.1,88.91,37.49,2.88,1.2
2020-08-29,1.75,13.95,11.4,6.29,2.23,86.69,42.09,2.66,1.32
2020-09-05,1.56,9.28,11.41,6.85,4.04,93.6,59.27,3.46,1.17
2020-09-12,1.91,18.7,11.1,5.86,0.82,73.12,30.95,2.25,1.51
2020-09-19,1.7,17.18,9.63,4.03,-0.78,74.56,29.62,-0.29,1.17
2020-09-26,1.03,7.5,6.83,3.07,0.18,89.51,60.96,3.95,1.26
2020-10-03,1.22,10.61,7.58,3,-0.15,89.57,48.35,2.16,1
2020-10-10,1.18,12.04,7.26,2.87,-0.29,80.57,49.8,2.43,1.07
2020-10-17,1.22,9.17,9.39,5.25,2.94,92.42,57.24,2.77,1.05
2020-10-24,1.83,15.09,11.23,5.51,1.05,90.26,43.05,3.15,1.01
2020-10-31,1.7,14.57,10.6,5.5,1.54,90.38,50.97,2.74,1.1
2020-11-07,1.47,12.75,8.5,3.54,-0.44,86.44,46.09,2.26,1.03
2020-11-14,1.73,11.91,10.31,5.45,1.07,91.3,48.67,3.78,1.06
2020-11-21,1.84,12.2,11.4,6.18,2.08,91.18,44.83,3.7,1.15
2020-11-28,2.19,17.38,13.93,7.46,2.72,85.81,36.9,2.13,1.12
2020-12-05,1.54,10.92,10.67,5.92,2.62,90.22,50.34,2.28,1.05
2020-12-12,1.95,15.33,12.15,6.24,1.61,89.99,44.29,3.08,1.16
2020-12-19,1.28,8.81,8.35,4.62,1.69,91.17,58.11,4.12,1.21
2020-12-26,1.61,13.36,10.49,5.81,2.08,90.81,51.41,1.82,1.28
2021-01-02,1.98,15.62,14.7,9.31,5.5,90.39,43.71,-0.04,1.07
2021-01-09,1.78,12.33,13.3,8.21,4.79,88.87,48.3,2.42,0.93
2021-01-16,1.26,7.1,5.92,2.51,-0.99,87.18,57.85,4.22,1.16
2021-01-23,1.34,9.07,6.47,2.87,-0.51,90.98,68.07,3.9,1.94
2021-01-30,1.54,13.81,7.53,2.45,-1.87,86.68,39.33,4.31,1.29
2021-02-06,1.47,13.26,7.54,2.08,-1.34,89.05,40.98,2.66,1.03
2021-02-13,1.52,11.36,8.68,4.37,1.21,96.89,58.75,4.24,1.24
2021-02-20,1.8,14.73,14.89,8.88,4.75,70.63,28.94,-0.28,1.22
2021-02-27,1.84,15.49,15.7,9.32,5.48,73.75,28.39,-0.4,0.98
2021-03-06,1.71,14.64,12.62,6.4,2.23,80.56,36.41,1.61,0.95
2021-03-13,1.74,14.86,13.07,6.93,1.27,72.83,26.27,1.97,1.19
2021-03-20,1.66,14.23,11.88,6.33,2.71,66.45,25.85,0.12,1.06
2021-03-27,1.46,9.9,6.67,3.83,1.2,105.87,83.39,6.08,1.41
2021-04-03,1.63,12.44,10.88,4.63,1.12,102.33,69.21,3.08,0.91
2021-04-10,1.64,12.7,12.91,8.05,4.65,101.39,58.72,1.97,0.97
2021-04-17,1.54,11.93,7.58,3.11,-0.7,99.77,52.25,4.13,1.07
2021-04-24,1.55,12.93,8.7,1.9,-1.41,98.55,48.54,2.13,0.77
2021-05-01,1.53,12.03,7.28,2.86,-0.6,102.83,62.51,4.74,0.55
2021-05-08,1.49,13.38,5.71,0.47,-3.41,73.96,34.29,1.45,1.47
2021-05-15,1.57,13.17,8.49,3.15,-1.35,83.02,42.86,2.51,1.23
2021-05-22,1.54,10.71,7.81,3.38,-0.7,91.85,52.95,4.92,1.17
2021-05-29,1.73,12.71,12.99,7.45,3.59,104.08,50.49,2.84,1
2021-06-05,1.61,9.7,10.8,6.31,2.9,100.98,61.38,4.34,0.73
2021-06-12,1.63,14.7,10.16,3.29,-1.64,78.52,31.05,1.09,1.22
2021-06-19,2.06,17.13,19.09,10.49,6.23,69.62,28.66,0.81,0.97
2021-06-26,2.02,14.92,17.25,9.91,5.5,58.99,25.13,0.34,0.88
2021-07-03,1.66,14.78,10.82,4.75,0.73,83.28,32.28,0.31,0.94
2021-07-10,1.31,10.78,5.27,1.32,-2.47,83.28,36.65,2.86,1.36
2021-07-17,1.43,16.24,6.4,0.73,-4.62,61.53,33.21,0.8,1.24
2021-07-24,2.11,16.83,15.83,9.64,5.06,77.37,28.07,0.44,1.01
2021-07-31,1.5,16.62,7.34,2.29,-2.81,66.98,25.73,0.67,1.43
2021-08-07,1.15,9.18,4.99,0.46,-3.24,88.44,54.21,3.45,1.06
2021-08-14,1.37,14.47,6.85,1.8,-2.54,83.72,34.25,1.38,1.08
2021-08-21,1.68,14.19,10.47,5.19,1.16,85.15,34.94,1.73,1.07
2021-08-28,1.58,13.06,8.75,3.42,-1.11,91.05,43.63,2.67,1.36
2021-09-04,1.58,12.67,9.37,4.09,-0.22,90.4,43.95,3.11,1.21
2021-09-11,1.26,12.71,7.25,2.69,-0.66,88.46,43.41,2.71,1.27
2021-09-18,1.05,9.42,5.65,1.26,-1.95,90.98,51.81,3.11,1.3
2021-09-25,1.85,17.53,10.58,4.46,-0.65,86.99,34.91,0.29,1.1
2021-10-02,1.54,8.77,10.01,5.3,1.84,90.57,50.7,2.67,0.83
2021-10-09,2.22,17.4,13.82,8.43,3.65,89.67,42.21,0.72,1.16
2021-10-16,1.9,12.6,12.61,7.64,3.8,91.85,49.23,2.92,1.31
2021-10-23,1.74,10.78,10.22,4.7,0.24,89.71,45.95,2.27,1.35
2021-10-30,1.79,12.97,10.53,5.37,0.73,88.68,45.91,3.24,1.16
2021-11-06,1.5,9.43,8.95,4.1,0.16,90.38,53.4,3.42,0.99
2021-11-13,1.63,10.29,10.36,5.61,1.72,82.87,46.81,2.94,1.08
2021-11-20,1.53,11.67,9.94,5.17,1.55,91.3,57.1,3.19,0.98
2021-11-27,1.05,6.38,5.94,2.09,-1.07,91.18,66.83,3.83,1.05
2021-12-04,1.85,14.85,11.61,6.47,2.05,91.38,43.47,0.77,1.27
2021-12-11,2.05,12.87,12.63,7.13,2.14,85.47,38.37,1.63,0.94
2021-12-18,1.55,12.65,9.42,4.36,0.61,90.13,43.43,2.91,0.73
2021-12-25,1.46,12.36,7.36,2.16,-2.1,85.88,37.68,0.61,0.52
2022-01-01,1.77,13.29,11.36,5.9,1.76,91.1,40.84,1.84,0.87
2022-01-08,1.65,10.42,11.68,7.14,3.74,91.39,48.85,2.03,0.8
2022-01-15,1.68,13.88,10.93,5.68,2.11,87.45,38.3,2.67,1.06
2022-01-22,1.83,12.67,12.99,8.01,3.87,88.75,39.7,2.05,1.03
2022-01-29,1.47,8.93,8.91,5.08,1.87,87.55,51.3,3.48,1.3
2022-02-05,1.63,14.98,8.7,2.68,-2.12,70.11,23.9,0.64,1.22
2022-02-12,1.7,13.74,11.64,6.21,1.96,80.2,35.55,0.32,1.08
2022-02-19,1.75,15.86,11.75,5.37,0.85,69.03,20.04,0.01,1.08
2022-02-26,1.53,12.26,7.25,2.76,-1,87.77,54.6,4.27,0.79
2022-03-05,1.68,15.57,11.13,5.27,0.61,80.33,32.82,-0.4,1.2
2022-03-12,1.61,11.6,11.54,7.4,4.16,99.99,55.98,2.8,0.7
2022-03-19,1.69,14.04,12.47,7.31,3.32,75.69,31.7,0.43,0.92
2022-03-26,1.53,11.13,7.23,3.16,-0.6,101.92,58.54,3.58,0.99
2022-04-02,1.5,12.69,5,0.14,-4,91.02,38.24,3.71,0.96
2022-04-09,1.66,13.14,12.41,6.95,2.86,81.47,40.07,1.34,0.9
2022-04-16,1.67,13.14,12.82,5.4,1.71,72.33,32.61,1.38,0.66
2022-04-23,1.69,13.47,13.55,7.94,4.39,97.05,47.25,1.61,1.26
2022-04-30,1.95,13.02,22.45,16.7,11.89,64.55,26.04,2.13,1.47
2022-05-07,1.67,12.87,13.02,8.35,4.26,76.12,41.65,3.96,0.98
2022-05-14,1.6,13.35,9.57,4.3,0.19,59.39,30.44,0.66,0.89
2022-05-21,1.73,14.25,14.02,7.58,3.28,68.74,28.43,0.66,1
2022-05-28,1.74,14.21,14.67,8.98,4.65,62.56,29.23,0.91,1.27
2022-06-04,1.7,13.88,12.58,7.69,3.45,78.79,30.92,1.07,1.77
2022-06-11,1.78,14.04,13.27,8.01,3.17,75.27,26.52,2.24,1.22
2022-06-18,1.67,12.16,11.14,6.04,1.77,91.23,42.9,4.09,0.98
2022-06-25,1.71,13.83,11.97,7.32,3.94,80.62,32.23,2.15,1.46
2022-07-02,1.7,17.06,10.29,3.81,-1.78,57.56,20.7,0.34,1.14
2022-07-09,1.69,17.88,10.48,3.46,-1.81,71.71,23.43,0.31,0.83
2022-07-16,1.64,10.81,10.53,5.13,0.9,88.28,43.93,0.86,0.84
2022-07-23,1.86,15.71,12.88,6.62,1.93,57.29,26.05,0.8,0.98
2022-07-30,1.79,13.59,12.37,7.03,2.99,71.11,38.24,3.57,0.92
2022-08-06,1.58,10.95,8.73,3.54,-0.94,97.7,48.58,3.1,0.99
2022-08-13,2.02,15.56,12.57,6.34,0.61,77.15,34.64,1.58,0.92
2022-08-20,1.65,13.62,9.83,4.73,0.06,77.15,38.99,1.19,1.01
2022-08-27,1.47,12.86,8.56,3.49,-0.32,85.07,51.57,3.92,0.7
2022-09-03,1.23,2.58,6.74,3.43,-0.17,93.19,56.49,2.06,0.26
